entity_id,entity_type,kind,value_hash
OWN-6BPZZYEEPS,owner,phone,PH-LDSZ9HWB
OWN-6BPZZYEEPS,owner,bank_token,BK-S6CNDS5Q
OWN-ZK4HUMUJSJ,owner,phone,PH-ARAR5XSG
OWN-ZK4HUMUJSJ,owner,bank_token,BK-5AGCMFE5
OWN-TYSZ2Q4D8Q,owner,phone,PH-XSJW3MEE
OWN-TYSZ2Q4D8Q,owner,bank_token,BK-3WJRFM3J
OWN-8YBLKU9JF2,owner,phone,PH-R67LYSZM
OWN-8YBLKU9JF2,owner,bank_token,BK-LA4SNT94
OWN-6NXS4ZTRZS,owner,phone,PH-DJ3DEAH9
OWN-6NXS4ZTRZS,owner,bank_token,BK-UA27ET8L
OWN-MV972KRFM8,owner,phone,PH-GWM2V7LM
OWN-MV972KRFM8,owner,bank_token,BK-B84KH8S7
OWN-LEU5DYBY64,owner,phone,PH-S7MJ5T6B
OWN-LEU5DYBY64,owner,bank_token,BK-FX29JJFZ
OWN-G6UXJZHFDE,owner,phone,PH-LMA6RWV3
OWN-G6UXJZHFDE,owner,bank_token,BK-BMKU7A9R
OWN-58FH2PQKF4,owner,phone,PH-RD6YNNCN
OWN-58FH2PQKF4,owner,bank_token,BK-669XS3H6
OWN-TQYUR6M5HP,owner,phone,PH-UJ98LAZZ
OWN-TQYUR6M5HP,owner,bank_token,BK-M3DNGVCH
OWN-FXPYEZURN9,owner,phone,PH-JUYXQJL8
OWN-FXPYEZURN9,owner,bank_token,BK-JWY6PKC9
OWN-PDBSQD6GN2,owner,phone,PH-NZGV5HCR
OWN-PDBSQD6GN2,owner,bank_token,BK-LV57X7Y7
OWN-9FAAXMZ5ZN,owner,phone,PH-BCT24V8J
OWN-9FAAXMZ5ZN,owner,bank_token,BK-HAET2C4Z
OWN-ELW34DCRHD,owner,phone,PH-TTVHW8CX
OWN-ELW34DCRHD,owner,bank_token,BK-PLE5QN98
OWN-DKK9AB4ZPK,owner,phone,PH-WLBJH8D4
OWN-DKK9AB4ZPK,owner,bank_token,BK-ZRHDR3L3
OWN-HK7USTWUYH,owner,phone,PH-LC3QZF9A
OWN-HK7USTWUYH,owner,bank_token,BK-W75W9PME
OWN-Y2BTVFS938,owner,phone,PH-84QTQKUW
OWN-Y2BTVFS938,owner,bank_token,BK-4ESVVCZA
OWN-WYKLJYG2K4,owner,phone,PH-52X67Q6S
OWN-WYKLJYG2K4,owner,bank_token,BK-BSJZNZJ4
OWN-FG5ZAQF622,owner,phone,PH-V832EQUE
OWN-FG5ZAQF622,owner,bank_token,BK-WJ99S38C
OWN-GYGN6ZQKPE,owner,phone,PH-KN5Z6YXG
OWN-GYGN6ZQKPE,owner,bank_token,BK-ZPG4M964
PRV-52P4GQD2DS,provider,phone,PH-QG2N7F9G
PRV-GZWKQRABYX,provider,phone,PH-WRNKQGQU
PRV-P8SZX5BYHL,provider,phone,PH-A629Y94F
PRV-DLK2K6289C,provider,phone,PH-HZV974RY
PRV-AEV55VW98C,provider,phone,PH-VV8Q5Z6E
PRV-9HWCXGYGRP,provider,phone,PH-JM563H5C
PRV-5AE63K9XH5,provider,phone,PH-K2HR5J7U
PRV-FYQT8W8H8G,provider,phone,PH-5LNCQLUV
PRV-HC5CWNTSHD,provider,phone,PH-JCJXJPSA
PRV-LEVZRZGE33,provider,phone,PH-2KFFQDWY
PRV-NNZAMXRZ52,provider,phone,PH-P4U5TL66
PRV-TTYMZNZQCD,provider,phone,PH-D24WTXXD
PRV-KGZA99WKKT,provider,phone,PH-RNYV3G3H
PRV-YHCS7YKNYQ,provider,phone,PH-4DU8XT5V
PRV-R6UGAZC4XJ,provider,phone,PH-776J3LNU
PRV-KB3DDTGVSY,provider,phone,PH-FV2Q62FE
PRV-CYX8UDJJ75,provider,phone,PH-Y2BY74RR
PRV-QJ8CAJLGGT,provider,phone,PH-AG3KLYSQ
PRV-Z84M5CG5BX,provider,phone,PH-VVNX3CXY
PRV-96KL4VD67A,provider,phone,PH-JQCK647A
PRV-2RBJKMU8EL,provider,phone,PH-7SYHV5P3
PRV-EGMCSQWZE2,provider,phone,PH-RXHSP5SA
PRV-GQ36BNJZ2W,provider,phone,PH-NCKLWG3Y
PRV-4TYA4STMB7,provider,phone,PH-XDVGJ3N3
PRV-DVP5UVKXMG,provider,phone,PH-8QFKAF8E
PRV-HP4BWL7QC4,provider,phone,PH-V64SV96L
PRV-E2KQR2ZK3Q,provider,phone,PH-QVX9GRYC
PRV-6LZYWNNT2J,provider,phone,PH-YG35PL9J
PRV-LJD3M755ZS,provider,phone,PH-2VABD9YL
PRV-F63QP3FKES,provider,phone,PH-WR7RBN6N
PRV-ZU6YL2HNHH,provider,phone,PH-WEPTYZHY
PRV-LVGM3QWE3V,provider,phone,PH-Y7TGJ2AF
PRV-EWJD2QDPA6,provider,phone,PH-4DG6CKH3
PRV-H9LG5VAJ3J,provider,phone,PH-U667558V
PRV-F2HS2XPZAV,provider,phone,PH-QLEB8XHL
PRV-GG7BBL7G9L,provider,phone,PH-JC4NGGPY
PRV-4GHMRGCDAW,provider,bank_token,BK-SHARED-RING
PRV-ZVARQVCWQQ,provider,bank_token,BK-SHARED-RING
PRV-HUT9JJ4X7T,provider,bank_token,BK-SHARED-RING
PRV-M7GH4K66H3,provider,bank_token,BK-SHARED-RING
PRV-BFHL3Y49ZW,provider,bank_token,BK-SHARED-RING
PRV-RC658LCB76,provider,bank_token,BK-SHARED-RING
