member_id,start,end,program
MBR-MPY7DCHPFS,2024-01-01,2024-08-28,MCO
MBR-79KLVNZGFB,2024-01-01,2024-08-28,FFS
MBR-FVQXNKE82Q,2024-01-01,2024-08-28,FFS
MBR-Y46Z4D77Y3,2024-01-01,2024-08-28,MCO
MBR-BJJYH8G9UH,2024-01-01,2024-08-28,FFS
MBR-85TW3PXGVH,2024-01-01,2024-08-28,FFS
MBR-BUL4LEDKWE,2024-01-01,2024-08-28,MCO
MBR-6RGUUNWJV3,2024-01-01,2024-08-28,FFS
MBR-ZL5Q6EFMAR,2024-01-01,2024-08-28,FFS
MBR-Q9XVDUN4EG,2024-01-01,2024-08-28,MCO
MBR-HGL5QVCM22,2024-01-01,2024-08-28,FFS
MBR-EWCZ7ZJ4K2,2024-01-01,2024-08-28,FFS
MBR-YQDXZC2T45,2024-01-01,2024-08-28,MCO
MBR-JZTGZW6TE6,2024-01-01,2024-08-28,FFS
MBR-4C2VNKWGF5,2024-01-01,2024-08-28,FFS
MBR-BL5PTDN9TA,2024-01-01,2024-08-28,MCO
MBR-279EELY74M,2024-01-01,2024-08-28,FFS
MBR-U8Q725GQ72,2024-01-01,2024-08-28,FFS
MBR-KQZHQZB89K,2024-01-01,2024-08-28,MCO
MBR-B9S4DFFU5V,2024-01-01,2024-08-28,FFS
MBR-SYWRT9N83F,2024-01-01,2024-08-28,FFS
MBR-HX94GZSQRT,2024-01-01,2024-08-28,MCO
MBR-Q56D234924,2024-01-01,2024-08-28,FFS
MBR-23FN74V9L5,2024-01-01,2024-08-28,FFS
MBR-3DKU3QY3W4,2024-01-01,2024-08-28,MCO
MBR-XPGBTT2ECZ,2024-01-01,2024-08-28,FFS
MBR-S7Z8C8UNTB,2024-01-01,2024-08-28,FFS
MBR-3ULHAGK6SG,2024-01-01,2024-08-28,MCO
MBR-4VB4MXWWPN,2024-01-01,2024-08-28,FFS
MBR-6SBLF43NN5,2024-01-01,2024-08-28,FFS
MBR-KURT4X2XJU,2024-01-01,2024-08-28,MCO
MBR-SMLQ7MHU28,2024-01-01,2024-08-28,FFS
MBR-ECH5HLTRCG,2024-01-01,2024-08-28,FFS
MBR-4MXTKGTLSY,2024-01-01,2024-08-28,MCO
MBR-4EXUHMWNNJ,2024-01-01,2024-08-28,FFS
MBR-8MK5KHJNCW,2024-01-01,2024-08-28,FFS
MBR-2NR27KXVV3,2024-01-01,2024-08-28,MCO
MBR-ENQHWRE4EM,2024-01-01,2024-08-28,FFS
MBR-R5AEQFFAJ2,2024-01-01,2024-08-28,FFS
MBR-FV7G6UXLBA,2024-01-01,2024-08-28,MCO
MBR-DJLLB54X78,2024-01-01,2024-08-28,FFS
MBR-V2LNSJANZJ,2024-01-01,2024-08-28,FFS
MBR-PETFJK9QT7,2024-01-01,2024-08-28,MCO
MBR-5C38HCEB3B,2024-01-01,2024-08-28,FFS
MBR-EL4SD7SMBU,2024-01-01,2024-08-28,FFS
MBR-LUWMQY57KY,2024-01-01,2024-08-28,MCO
MBR-NDAL8TYHG6,2024-01-01,2024-08-28,FFS
MBR-KSC4HVJFFY,2024-01-01,2024-08-28,FFS
MBR-UTSSCND564,2024-01-01,2024-08-28,MCO
MBR-ARSHMU22CN,2024-01-01,2024-08-28,FFS
MBR-BZNAEFCCUH,2024-01-01,2024-08-28,FFS
MBR-UC38TQGQU2,2024-01-01,2024-08-28,MCO
MBR-ZLNPJ2MYTP,2024-01-01,2024-08-28,FFS
MBR-NHZFV5F7YB,2024-01-01,2024-08-28,FFS
MBR-FR9SUZRQYE,2024-01-01,2024-08-28,MCO
MBR-63JAR5TFRQ,2024-01-01,2024-08-28,FFS
MBR-E5G8EVQHMP,2024-01-01,2024-08-28,FFS
MBR-NP25PG6T7N,2024-01-01,2024-08-28,MCO
MBR-7XEPY4R5EL,2024-01-01,2024-08-28,FFS
MBR-4LB87BN7MV,2024-01-01,2024-08-28,FFS
MBR-V9VF74MPX3,2024-01-01,2024-08-28,MCO
MBR-XMN8XNZMG2,2024-01-01,2024-08-28,FFS
MBR-P42BUQXM3S,2024-01-01,2024-08-28,FFS
MBR-LKW3FJD9YF,2024-01-01,2024-08-28,MCO
MBR-JXM5V2U2EH,2024-01-01,2024-08-28,FFS
MBR-9VKQVB9R83,2024-01-01,2024-08-28,FFS
MBR-ANBZTECZG4,2024-01-01,2024-08-28,MCO
MBR-Y6AVHN8W6G,2024-01-01,2024-08-28,FFS
MBR-DEXWGDJEY6,2024-01-01,2024-08-28,FFS
MBR-XVAD9JHUZ8,2024-01-01,2024-08-28,MCO
MBR-AEENY3383J,2024-01-01,2024-08-28,FFS
MBR-59N7KMSMAY,2024-01-01,2024-08-28,FFS
MBR-L3J58QSDDG,2024-01-01,2024-08-28,MCO
MBR-P78M8HDWEL,2024-01-01,2024-08-28,FFS
MBR-4PAPY9GKRR,2024-01-01,2024-08-28,FFS
MBR-TJZA2TZN6S,2024-01-01,2024-08-28,MCO
MBR-ZQX5ZKU3UK,2024-01-01,2024-08-28,FFS
MBR-YTRN8M4CTJ,2024-01-01,2024-08-28,FFS
MBR-W33FF9PGW5,2024-01-01,2024-08-28,MCO
MBR-TEMED367ZE,2024-01-01,2024-08-28,FFS
MBR-DPYG8XMK2N,2024-01-01,2024-08-28,FFS
MBR-QN2SK6VX4D,2024-01-01,2024-08-28,MCO
MBR-KXFLG7CTRT,2024-01-01,2024-08-28,FFS
MBR-EFTCWLP65R,2024-01-01,2024-08-28,FFS
MBR-J39SZ2P3P6,2024-01-01,2024-08-28,MCO
MBR-QFQ7K875L3,2024-01-01,2024-08-28,FFS
MBR-VPC7RKBDT2,2024-01-01,2024-08-28,FFS
MBR-LYUPA4MC8N,2024-01-01,2024-08-28,MCO
MBR-69CJDM2UQG,2024-01-01,2024-08-28,FFS
MBR-B8UH9BQB22,2024-01-01,2024-08-28,FFS
MBR-BDY6GKJ6LW,2024-01-01,2024-08-28,MCO
MBR-4KTNS62BW2,2024-01-01,2024-08-28,FFS
MBR-GQPNSUNUD8,2024-01-01,2024-08-28,FFS
MBR-Y4DRB8SKCE,2024-01-01,2024-08-28,MCO
MBR-VK3KCQ836K,2024-01-01,2024-08-28,FFS
MBR-H5PBWV7T3H,2024-01-01,2024-08-28,FFS
MBR-7FN4J7TSLE,2024-01-01,2024-08-28,MCO
MBR-6R667HJXAJ,2024-01-01,2024-08-28,FFS
MBR-8QYV5748M9,2024-01-01,2024-08-28,FFS
MBR-S483KN937H,2024-01-01,2024-08-28,MCO
MBR-26AVMXYZBB,2024-01-01,2024-08-28,FFS
MBR-4VYBTHF64D,2024-01-01,2024-08-28,FFS
MBR-YYH7PZ5M5C,2024-01-01,2024-08-28,MCO
MBR-PSVVP9RXXN,2024-01-01,2024-08-28,FFS
MBR-KH7EQQUK24,2024-01-01,2024-08-28,FFS
MBR-UQYW382EA8,2024-01-01,2024-08-28,MCO
MBR-JJNSJXSGYB,2024-01-01,2024-08-28,FFS
MBR-LJX3UFVHQR,2024-01-01,2024-08-28,FFS
MBR-ETZVH7W6AB,2024-01-01,2024-08-28,MCO
MBR-LSWYAWLX8N,2024-01-01,2024-08-28,FFS
MBR-QBR4HDNJC7,2024-01-01,2024-08-28,FFS
MBR-6KDHMRRDDG,2024-01-01,2024-08-28,MCO
MBR-EKUMPKKR4M,2024-01-01,2024-08-28,FFS
MBR-5Y93Z8WGHW,2024-01-01,2024-08-28,FFS
MBR-FYPQ73DHJX,2024-01-01,2024-08-28,MCO
MBR-UCEQYHF3V4,2024-01-01,2024-08-28,FFS
MBR-FZQYV4SKXX,2024-01-01,2024-08-28,FFS
MBR-9PQ5QXMXV9,2024-01-01,2024-08-28,MCO
MBR-N22Z5YSZ3U,2024-01-01,2024-08-28,FFS
MBR-9NLNH78NEA,2024-01-01,2024-08-28,FFS
