visit_id,aide_id,member_id,provider_id,start_ts,end_ts,lat,lon,service_type
EVV-BXX3QMVH84,AID-RETV62,MBR-NP25PG6T7N,PRV-ZU6YL2HNHH,2024-03-18 11:44:00+00:00,2024-03-18 13:05:00+00:00,39.16303629041909,-79.26000000780826,personal_care
EVV-U39U6E67JA,AID-4EFF4U,MBR-VK3KCQ836K,PRV-GQ36BNJZ2W,2024-04-11 12:36:00+00:00,2024-04-11 14:04:00+00:00,34.68454234227475,-73.6337365451326,personal_care
EVV-GAJU4C4XWA,AID-2VFD8Q,MBR-59N7KMSMAY,PRV-R6UGAZC4XJ,2024-04-13 17:24:00+00:00,2024-04-13 18:38:00+00:00,36.768142554953165,-84.95009753135851,personal_care
EVV-ZMCDCEZLRE,AID-GSRVTY,MBR-59N7KMSMAY,PRV-GQ36BNJZ2W,2024-02-24 08:15:00+00:00,2024-02-24 09:35:00+00:00,36.768142554953165,-84.95009753135851,personal_care
EVV-ZLLAXV5L58,AID-93TKWH,MBR-ENQHWRE4EM,PRV-R6UGAZC4XJ,2024-03-21 14:49:00+00:00,2024-03-21 15:45:00+00:00,37.50568675294382,-79.42267959771479,personal_care
EVV-CKSYCLWTMJ,AID-9SSXV7,MBR-Q9XVDUN4EG,PRV-ZU6YL2HNHH,2024-02-18 09:38:00+00:00,2024-02-18 11:04:00+00:00,33.628440707161495,-77.31614688627306,personal_care
EVV-PYS4GEVP63,AID-RRFVFK,MBR-ZQX5ZKU3UK,PRV-GQ36BNJZ2W,2024-08-16 09:07:00+00:00,2024-08-16 10:11:00+00:00,36.768142554953165,-84.95009753135851,personal_care
EVV-DLLWDJUMPH,AID-A78C28,MBR-6KDHMRRDDG,PRV-ZU6YL2HNHH,2024-05-28 08:49:00+00:00,2024-05-28 09:39:00+00:00,36.82582679541986,-87.93651788511471,personal_care
EVV-92KEQE4N86,AID-3HD3TS,MBR-JXM5V2U2EH,PRV-5AE63K9XH5,2024-07-30 13:36:00+00:00,2024-07-30 14:35:00+00:00,36.768142554953165,-84.95009753135851,personal_care
EVV-Q6GNGDCBPD,AID-9DG2ND,MBR-PSVVP9RXXN,PRV-5AE63K9XH5,2024-01-05 16:22:00+00:00,2024-01-05 17:45:00+00:00,41.35528287708297,-82.14841866106755,personal_care
EVV-WQUNJRSP3M,AID-S4XJ9P,MBR-W33FF9PGW5,PRV-ZU6YL2HNHH,2024-01-17 11:27:00+00:00,2024-01-17 12:20:00+00:00,37.50030388682402,-71.33328923502998,personal_care
EVV-36FB95LW3X,AID-W6WP6C,MBR-9VKQVB9R83,PRV-ZU6YL2HNHH,2024-01-05 15:35:00+00:00,2024-01-05 16:32:00+00:00,39.16303629041909,-79.26000000780826,personal_care
EVV-KMUK976SBH,AID-R38PM5,MBR-3DKU3QY3W4,PRV-ZU6YL2HNHH,2024-01-27 07:38:00+00:00,2024-01-27 08:11:00+00:00,38.80992523709549,-77.71404368489253,personal_care
EVV-HMMBMR844M,AID-W9ZHLK,MBR-P42BUQXM3S,PRV-ZU6YL2HNHH,2024-03-07 14:44:00+00:00,2024-03-07 16:11:00+00:00,34.68454234227475,-73.6337365451326,personal_care
EVV-HCVNPSZF2N,AID-UME3B4,MBR-EWCZ7ZJ4K2,PRV-5AE63K9XH5,2024-01-14 11:44:00+00:00,2024-01-14 12:41:00+00:00,33.628440707161495,-77.31614688627306,personal_care
EVV-VUR4URTPW4,AID-83ZPVG,MBR-B8UH9BQB22,PRV-ZU6YL2HNHH,2024-06-17 09:37:00+00:00,2024-06-17 10:35:00+00:00,41.85115116270072,-78.61044970965652,personal_care
EVV-F4YVZB2J5P,AID-VC9PXS,MBR-KXFLG7CTRT,PRV-GQ36BNJZ2W,2024-03-10 17:21:00+00:00,2024-03-10 18:05:00+00:00,34.68454234227475,-73.6337365451326,personal_care
EVV-2KZJDRRHRT,AID-9BRTJ6,MBR-QFQ7K875L3,PRV-R6UGAZC4XJ,2024-07-10 07:37:00+00:00,2024-07-10 08:07:00+00:00,35.6554029141366,-87.35302612624893,personal_care
EVV-UYEKGKGTCE,AID-3QTQYB,MBR-QN2SK6VX4D,PRV-5AE63K9XH5,2024-07-30 14:14:00+00:00,2024-07-30 15:34:00+00:00,36.84966745308684,-87.4840449954701,personal_care
EVV-VHPE9UV3S6,AID-KT7BRJ,MBR-VK3KCQ836K,PRV-GQ36BNJZ2W,2024-05-09 11:08:00+00:00,2024-05-09 12:13:00+00:00,34.68454234227475,-73.6337365451326,personal_care
EVV-DA4UP5V9JE,AID-YX5JV4,MBR-DEXWGDJEY6,PRV-ZU6YL2HNHH,2024-01-03 15:38:00+00:00,2024-01-03 16:29:00+00:00,37.50030388682402,-71.33328923502998,personal_care
EVV-UVRB6U6CJ8,AID-73WZSW,MBR-5C38HCEB3B,PRV-R6UGAZC4XJ,2024-01-04 17:43:00+00:00,2024-01-04 18:22:00+00:00,37.50030388682402,-71.33328923502998,personal_care
EVV-6ZJFXZN3DS,AID-W7UZDD,MBR-UCEQYHF3V4,PRV-GQ36BNJZ2W,2024-05-22 16:24:00+00:00,2024-05-22 17:31:00+00:00,38.80992523709549,-77.71404368489253,personal_care
EVV-VSBNK8DQCR,AID-TF98X4,MBR-TJZA2TZN6S,PRV-GQ36BNJZ2W,2024-03-04 08:13:00+00:00,2024-03-04 09:14:00+00:00,37.50030388682402,-71.33328923502998,personal_care
EVV-Y6CVF8WMPF,AID-QJSCM9,MBR-B9S4DFFU5V,PRV-GQ36BNJZ2W,2024-01-03 10:49:00+00:00,2024-01-03 11:58:00+00:00,38.80992523709549,-77.71404368489253,personal_care
EVV-4QK9XVSE94,AID-8SUMBV,MBR-4KTNS62BW2,PRV-GQ36BNJZ2W,2024-07-08 09:33:00+00:00,2024-07-08 10:30:00+00:00,33.628440707161495,-77.31614688627306,personal_care
EVV-9PXGJVKFSV,AID-AHG99M,MBR-S483KN937H,PRV-ZU6YL2HNHH,2024-05-15 13:31:00+00:00,2024-05-15 14:51:00+00:00,41.36198100856636,-87.91048982238523,personal_care
EVV-44DZFV7XL5,AID-V7UU93,MBR-9NLNH78NEA,PRV-5AE63K9XH5,2024-02-24 13:16:00+00:00,2024-02-24 13:59:00+00:00,39.25745450248274,-75.38989389484843,personal_care
EVV-XS5ASKSQZH,AID-V3KR9X,MBR-LSWYAWLX8N,PRV-5AE63K9XH5,2024-02-15 13:28:00+00:00,2024-02-15 14:12:00+00:00,38.88365660486492,-86.99272208012644,personal_care
EVV-92ZZD5DA79,AID-K5JNUE,MBR-ARSHMU22CN,PRV-ZU6YL2HNHH,2024-05-13 12:34:00+00:00,2024-05-13 13:58:00+00:00,41.36198100856636,-87.91048982238523,personal_care
EVV-SLJM547P6Y,AID-PWVVVF,MBR-DPYG8XMK2N,PRV-ZU6YL2HNHH,2024-04-19 09:38:00+00:00,2024-04-19 10:09:00+00:00,39.16303629041909,-79.26000000780826,personal_care
EVV-8LH2KH38YX,AID-YN4X23,MBR-QN2SK6VX4D,PRV-GQ36BNJZ2W,2024-05-01 17:17:00+00:00,2024-05-01 18:00:00+00:00,36.84966745308684,-87.4840449954701,personal_care
EVV-CMKWXH5M5E,AID-UBXKPB,MBR-YTRN8M4CTJ,PRV-GQ36BNJZ2W,2024-07-11 11:11:00+00:00,2024-07-11 12:35:00+00:00,36.768142554953165,-84.95009753135851,personal_care
EVV-9CBEWU6EFS,AID-VJK78M,MBR-4EXUHMWNNJ,PRV-5AE63K9XH5,2024-02-26 16:41:00+00:00,2024-02-26 17:12:00+00:00,34.68454234227475,-73.6337365451326,personal_care
EVV-URRJMYLMCW,AID-W8EEQB,MBR-KH7EQQUK24,PRV-ZU6YL2HNHH,2024-08-04 13:22:00+00:00,2024-08-04 14:22:00+00:00,38.88365660486492,-86.99272208012644,personal_care
EVV-HNBXSGLRF6,AID-BS8RXS,MBR-BL5PTDN9TA,PRV-5AE63K9XH5,2024-06-14 07:14:00+00:00,2024-06-14 07:48:00+00:00,37.122484682935834,-86.35603040316032,personal_care
EVV-6MW473XZ5D,AID-EPKBM8,MBR-4PAPY9GKRR,PRV-5AE63K9XH5,2024-04-29 08:37:00+00:00,2024-04-29 09:37:00+00:00,38.80992523709549,-77.71404368489253,personal_care
EVV-WP8AYPL37A,AID-ULTGEL,MBR-KXFLG7CTRT,PRV-R6UGAZC4XJ,2024-05-23 09:34:00+00:00,2024-05-23 10:53:00+00:00,34.68454234227475,-73.6337365451326,personal_care
EVV-58CBNM6EMG,AID-ZUSR8K,MBR-KH7EQQUK24,PRV-ZU6YL2HNHH,2024-03-10 12:12:00+00:00,2024-03-10 13:20:00+00:00,38.88365660486492,-86.99272208012644,personal_care
EVV-M2JAHLGEGL,AID-8YBCEW,MBR-EL4SD7SMBU,PRV-5AE63K9XH5,2024-02-07 17:36:00+00:00,2024-02-07 18:06:00+00:00,38.80992523709549,-77.71404368489253,personal_care
EVV-UHABVMSY6E,AID-279SUU,MBR-7FN4J7TSLE,PRV-5AE63K9XH5,2024-01-26 09:37:00+00:00,2024-01-26 11:03:00+00:00,38.88365660486492,-86.99272208012644,personal_care
EVV-WPAHRCUJ2Y,AID-LSWRWY,MBR-NHZFV5F7YB,PRV-GQ36BNJZ2W,2024-05-01 09:11:00+00:00,2024-05-01 10:06:00+00:00,34.9419083047206,-77.58682672735847,personal_care
EVV-6K7HY2AC99,AID-HWAMFW,MBR-NDAL8TYHG6,PRV-R6UGAZC4XJ,2024-06-18 14:36:00+00:00,2024-06-18 15:22:00+00:00,34.9419083047206,-77.58682672735847,personal_care
EVV-RXNMNDVM88,AID-N7D5FU,MBR-KQZHQZB89K,PRV-5AE63K9XH5,2024-06-18 07:37:00+00:00,2024-06-18 08:41:00+00:00,38.80992523709549,-77.71404368489253,personal_care
EVV-DQCR2Z622M,AID-M899FR,MBR-KURT4X2XJU,PRV-R6UGAZC4XJ,2024-06-03 11:20:00+00:00,2024-06-03 12:39:00+00:00,41.36198100856636,-87.91048982238523,personal_care
EVV-KAGSJXGKVT,AID-XC95VH,MBR-PETFJK9QT7,PRV-5AE63K9XH5,2024-07-31 15:29:00+00:00,2024-07-31 16:25:00+00:00,34.68454234227475,-73.6337365451326,personal_care
EVV-DKH7DDJK3C,AID-M9T8XA,MBR-DEXWGDJEY6,PRV-R6UGAZC4XJ,2024-07-30 13:03:00+00:00,2024-07-30 14:22:00+00:00,37.50030388682402,-71.33328923502998,personal_care
EVV-BPSA4W6R3V,AID-ZRSGXJ,MBR-J39SZ2P3P6,PRV-GQ36BNJZ2W,2024-01-11 14:19:00+00:00,2024-01-11 15:13:00+00:00,34.85956050269134,-72.13187033077372,personal_care
EVV-NC3QPLFHUF,AID-7VHHWB,MBR-ENQHWRE4EM,PRV-ZU6YL2HNHH,2024-02-04 14:12:00+00:00,2024-02-04 14:51:00+00:00,37.50568675294382,-79.42267959771479,personal_care
EVV-G6NB65XX7Y,AID-42CBZA,MBR-U8Q725GQ72,PRV-R6UGAZC4XJ,2024-08-19 13:21:00+00:00,2024-08-19 14:48:00+00:00,34.68454234227475,-73.6337365451326,personal_care
EVV-543A7TXCG3,AID-8DAZP9,MBR-9NLNH78NEA,PRV-5AE63K9XH5,2024-02-20 07:32:00+00:00,2024-02-20 08:45:00+00:00,39.25745450248274,-75.38989389484843,personal_care
EVV-44JWBMVLNK,AID-QZLREP,MBR-UTSSCND564,PRV-R6UGAZC4XJ,2024-01-21 07:36:00+00:00,2024-01-21 08:46:00+00:00,37.50568675294382,-79.42267959771479,personal_care
EVV-YC6A9FHKF4,AID-CE5PTP,MBR-Y6AVHN8W6G,PRV-R6UGAZC4XJ,2024-05-14 08:01:00+00:00,2024-05-14 08:50:00+00:00,41.85115116270072,-78.61044970965652,personal_care
EVV-LRYG99UBYM,AID-LGV3DT,MBR-V9VF74MPX3,PRV-ZU6YL2HNHH,2024-01-20 07:31:00+00:00,2024-01-20 08:55:00+00:00,41.85115116270072,-78.61044970965652,personal_care
EVV-4PCSZHUH94,AID-Y6H27E,MBR-8MK5KHJNCW,PRV-R6UGAZC4XJ,2024-08-17 15:16:00+00:00,2024-08-17 16:28:00+00:00,37.50568675294382,-79.42267959771479,personal_care
EVV-UHBTVXCZ7V,AID-3AMJA7,MBR-Y46Z4D77Y3,PRV-R6UGAZC4XJ,2024-01-09 17:23:00+00:00,2024-01-09 18:25:00+00:00,37.50568675294382,-79.42267959771479,personal_care
EVV-7VYHQKF28E,AID-VJLNC8,MBR-BUL4LEDKWE,PRV-GQ36BNJZ2W,2024-01-03 16:47:00+00:00,2024-01-03 17:42:00+00:00,41.36198100856636,-87.91048982238523,personal_care
EVV-EDYC5TWDVV,AID-RWEFL6,MBR-ARSHMU22CN,PRV-5AE63K9XH5,2024-06-23 07:45:00+00:00,2024-06-23 08:45:00+00:00,41.36198100856636,-87.91048982238523,personal_care
EVV-XXNY6NA4X4,AID-PYHH9F,MBR-6RGUUNWJV3,PRV-GQ36BNJZ2W,2024-07-19 15:47:00+00:00,2024-07-19 16:44:00+00:00,41.35528287708297,-82.14841866106755,personal_care
EVV-CWG25JGP2W,AID-V4JRDX,MBR-69CJDM2UQG,PRV-GQ36BNJZ2W,2024-03-26 17:40:00+00:00,2024-03-26 18:49:00+00:00,39.25745450248274,-75.38989389484843,personal_care
EVV-GR86SCVK9S,AID-LLASBY,MBR-279EELY74M,PRV-5AE63K9XH5,2024-03-20 17:30:00+00:00,2024-03-20 18:09:00+00:00,41.36198100856636,-87.91048982238523,personal_care
EVV-FTXAVK8ZG3,AID-5XFAQL,MBR-HGL5QVCM22,PRV-ZU6YL2HNHH,2024-02-26 12:39:00+00:00,2024-02-26 14:05:00+00:00,36.84966745308684,-87.4840449954701,personal_care
EVV-3Q596SX2WU,AID-2MEVWE,MBR-S483KN937H,PRV-ZU6YL2HNHH,2024-05-20 11:27:00+00:00,2024-05-20 12:28:00+00:00,41.36198100856636,-87.91048982238523,personal_care
EVV-3USXGADSLK,AID-37M4K8,MBR-QFQ7K875L3,PRV-ZU6YL2HNHH,2024-05-09 12:36:00+00:00,2024-05-09 13:40:00+00:00,35.6554029141366,-87.35302612624893,personal_care
EVV-MLF8FSPLQR,AID-EFPS6Z,MBR-QFQ7K875L3,PRV-5AE63K9XH5,2024-02-25 09:33:00+00:00,2024-02-25 10:45:00+00:00,35.6554029141366,-87.35302612624893,personal_care
EVV-2FPZ7TMBP7,AID-4EV9T8,MBR-Y6AVHN8W6G,PRV-ZU6YL2HNHH,2024-07-10 12:42:00+00:00,2024-07-10 14:07:00+00:00,41.85115116270072,-78.61044970965652,personal_care
EVV-L3L72EUE7P,AID-M4JXP6,MBR-BUL4LEDKWE,PRV-ZU6YL2HNHH,2024-03-09 15:07:00+00:00,2024-03-09 15:52:00+00:00,41.36198100856636,-87.91048982238523,personal_care
EVV-LSD7KZXGA4,AID-7P8A8S,MBR-TJZA2TZN6S,PRV-ZU6YL2HNHH,2024-02-17 11:37:00+00:00,2024-02-17 12:56:00+00:00,38.015606974856176,-70.81798614699782,personal_care
EVV-JBZ7FAX8GY,AID-HJXNDY,MBR-69CJDM2UQG,PRV-R6UGAZC4XJ,2024-01-29 08:14:00+00:00,2024-01-29 09:23:00+00:00,39.25745450248274,-75.38989389484843,personal_care
EVV-KWDA7J9385,AID-HRS2LF,MBR-VPC7RKBDT2,PRV-R6UGAZC4XJ,2024-08-03 07:42:00+00:00,2024-08-03 08:18:00+00:00,38.80992523709549,-77.71404368489253,personal_care
EVV-NDMHVPNEYK,AID-7RQAPG,MBR-E5G8EVQHMP,PRV-GQ36BNJZ2W,2024-04-24 16:10:00+00:00,2024-04-24 17:00:00+00:00,37.50030388682402,-71.33328923502998,personal_care
EVV-BQN2836NQQ,AID-HAWCQ7,MBR-63JAR5TFRQ,PRV-R6UGAZC4XJ,2024-03-10 10:30:00+00:00,2024-03-10 11:27:00+00:00,34.9419083047206,-77.58682672735847,personal_care
EVV-WZQNMYWSQW,AID-MZUSF2,MBR-Y46Z4D77Y3,PRV-ZU6YL2HNHH,2024-04-03 08:30:00+00:00,2024-04-03 09:41:00+00:00,37.50568675294382,-79.42267959771479,personal_care
EVV-HUFPFFH5EH,AID-QG6CLK,MBR-S7Z8C8UNTB,PRV-R6UGAZC4XJ,2024-04-21 13:47:00+00:00,2024-04-21 14:57:00+00:00,34.68454234227475,-73.6337365451326,personal_care
EVV-YFNWBYBDSW,AID-7EY2SV,MBR-ECH5HLTRCG,PRV-R6UGAZC4XJ,2024-01-03 09:46:00+00:00,2024-01-03 10:37:00+00:00,33.628440707161495,-77.31614688627306,personal_care
EVV-SMZUURUK9U,AID-WFS77R,MBR-JJNSJXSGYB,PRV-GQ36BNJZ2W,2024-07-15 09:23:00+00:00,2024-07-15 10:05:00+00:00,33.628440707161495,-77.31614688627306,personal_care
EVV-2WS5YWC2RE,AID-XFTCJV,MBR-L3J58QSDDG,PRV-GQ36BNJZ2W,2024-04-24 16:13:00+00:00,2024-04-24 17:01:00+00:00,37.50030388682402,-71.33328923502998,personal_care
EVV-FHKJPRPZTQ,AID-JPFL35,MBR-9NLNH78NEA,PRV-GQ36BNJZ2W,2024-01-14 07:03:00+00:00,2024-01-14 08:02:00+00:00,39.25745450248274,-75.38989389484843,personal_care
EVV-BSUVNJY8YR,AID-PZLYNZ,MBR-Y6AVHN8W6G,PRV-R6UGAZC4XJ,2024-04-27 12:15:00+00:00,2024-04-27 13:37:00+00:00,41.85115116270072,-78.61044970965652,personal_care
EVV-V8RN35L4V6,AID-5753RH,MBR-QN2SK6VX4D,PRV-GQ36BNJZ2W,2024-07-05 15:31:00+00:00,2024-07-05 16:27:00+00:00,36.84966745308684,-87.4840449954701,personal_care
EVV-A49UGR56MY,AID-CXX98K,MBR-P42BUQXM3S,PRV-R6UGAZC4XJ,2024-02-07 15:12:00+00:00,2024-02-07 16:25:00+00:00,34.68454234227475,-73.6337365451326,personal_care
EVV-2WL9WPDUD8,AID-T7UUSG,MBR-KXFLG7CTRT,PRV-5AE63K9XH5,2024-06-21 08:47:00+00:00,2024-06-21 10:04:00+00:00,34.68454234227475,-73.6337365451326,personal_care
EVV-BMLC8DG65M,AID-4NHJ7R,MBR-KQZHQZB89K,PRV-5AE63K9XH5,2024-03-17 11:41:00+00:00,2024-03-17 12:35:00+00:00,38.80992523709549,-77.71404368489253,personal_care
EVV-WW8QLBX8N5,AID-PZNVP6,MBR-EWCZ7ZJ4K2,PRV-GQ36BNJZ2W,2024-02-21 12:04:00+00:00,2024-02-21 13:25:00+00:00,33.628440707161495,-77.31614688627306,personal_care
EVV-WAUP4SA2CZ,AID-XUSBXF,MBR-UCEQYHF3V4,PRV-GQ36BNJZ2W,2024-02-25 14:36:00+00:00,2024-02-25 15:06:00+00:00,38.80992523709549,-77.71404368489253,personal_care
EVV-QBABGZ3VF6,AID-92Q5FH,MBR-6SBLF43NN5,PRV-5AE63K9XH5,2024-05-27 11:30:00+00:00,2024-05-27 12:55:00+00:00,38.88365660486492,-86.99272208012644,personal_care
EVV-TBNPPMCQXM,AID-KT6EH6,MBR-26AVMXYZBB,PRV-R6UGAZC4XJ,2024-07-03 10:32:00+00:00,2024-07-03 11:38:00+00:00,37.50030388682402,-71.33328923502998,personal_care
EVV-MFJBN8MLGM,AID-WVKNZU,MBR-279EELY74M,PRV-5AE63K9XH5,2024-02-13 10:49:00+00:00,2024-02-13 11:48:00+00:00,41.36198100856636,-87.91048982238523,personal_care
EVV-RHS6DUCGMY,AID-S2UPM6,MBR-69CJDM2UQG,PRV-GQ36BNJZ2W,2024-06-06 08:01:00+00:00,2024-06-06 09:10:00+00:00,39.25745450248274,-75.38989389484843,personal_care
EVV-U4PLPC4MHP,AID-SPDX3S,MBR-DPYG8XMK2N,PRV-ZU6YL2HNHH,2024-04-02 15:07:00+00:00,2024-04-02 15:45:00+00:00,39.16303629041909,-79.26000000780826,personal_care
EVV-VKSGMDYUYN,AID-SKEQWM,MBR-JJNSJXSGYB,PRV-R6UGAZC4XJ,2024-01-27 14:34:00+00:00,2024-01-27 15:11:00+00:00,33.628440707161495,-77.31614688627306,personal_care
EVV-URAMNSQP6W,AID-BPYAAW,MBR-26AVMXYZBB,PRV-GQ36BNJZ2W,2024-01-13 08:35:00+00:00,2024-01-13 09:16:00+00:00,37.50030388682402,-71.33328923502998,personal_care
EVV-JFVH9XDQS3,AID-MLSJW9,MBR-NP25PG6T7N,PRV-GQ36BNJZ2W,2024-02-09 08:48:00+00:00,2024-02-09 09:33:00+00:00,39.16303629041909,-79.26000000780826,personal_care
EVV-CG2G3TEFLM,AID-LJ4SDX,MBR-W33FF9PGW5,PRV-5AE63K9XH5,2024-02-23 17:36:00+00:00,2024-02-23 18:06:00+00:00,37.50030388682402,-71.33328923502998,personal_care
EVV-ZUKJ4NTZZD,AID-E9Y65W,MBR-4MXTKGTLSY,PRV-5AE63K9XH5,2024-07-05 10:44:00+00:00,2024-07-05 11:21:00+00:00,37.122484682935834,-86.35603040316032,personal_care
EVV-RJ89RZCRXV,AID-YVHG7K,MBR-BDY6GKJ6LW,PRV-GQ36BNJZ2W,2024-07-12 08:18:00+00:00,2024-07-12 09:42:00+00:00,37.122484682935834,-86.35603040316032,personal_care
EVV-H83UKRZRU5,AID-7B5ZDL,MBR-V9VF74MPX3,PRV-ZU6YL2HNHH,2024-01-23 07:20:00+00:00,2024-01-23 08:03:00+00:00,41.85115116270072,-78.61044970965652,personal_care
EVV-BEQDJY5VCK,AID-FGVEQC,MBR-ECH5HLTRCG,PRV-GQ36BNJZ2W,2024-07-22 07:43:00+00:00,2024-07-22 09:02:00+00:00,33.628440707161495,-77.31614688627306,personal_care
EVV-G5LAZM9YTM,AID-HX3KNW,MBR-7FN4J7TSLE,PRV-GQ36BNJZ2W,2024-05-29 08:11:00+00:00,2024-05-29 09:37:00+00:00,38.88365660486492,-86.99272208012644,personal_care
EVV-6UFFU3JA3D,AID-FN7PGC,MBR-DPYG8XMK2N,PRV-GQ36BNJZ2W,2024-07-10 16:00:00+00:00,2024-07-10 17:12:00+00:00,39.16303629041909,-79.26000000780826,personal_care
EVV-5GAJH2FBHG,AID-ABK2YR,MBR-TJZA2TZN6S,PRV-ZU6YL2HNHH,2024-06-14 17:44:00+00:00,2024-06-14 18:19:00+00:00,37.50030388682402,-71.33328923502998,personal_care
EVV-7RJ7NNR3NJ,AID-YKXTL7,MBR-XMN8XNZMG2,PRV-ZU6YL2HNHH,2024-04-27 15:12:00+00:00,2024-04-27 16:16:00+00:00,37.122484682935834,-86.35603040316032,personal_care
EVV-7RC9445QTE,AID-MJY78K,MBR-BZNAEFCCUH,PRV-5AE63K9XH5,2024-05-22 17:36:00+00:00,2024-05-22 18:43:00+00:00,38.80992523709549,-77.71404368489253,personal_care
EVV-CXJDU6VM3L,AID-LSPTV4,MBR-SMLQ7MHU28,PRV-ZU6YL2HNHH,2024-07-07 10:29:00+00:00,2024-07-07 11:53:00+00:00,39.25745450248274,-75.38989389484843,personal_care
EVV-XQXJE74UFG,AID-W7RXVE,MBR-VPC7RKBDT2,PRV-R6UGAZC4XJ,2024-06-10 16:10:00+00:00,2024-06-10 17:37:00+00:00,38.80992523709549,-77.71404368489253,personal_care
EVV-EWUWQDATHL,AID-3ZHVR6,MBR-XPGBTT2ECZ,PRV-R6UGAZC4XJ,2024-05-10 12:35:00+00:00,2024-05-10 13:59:00+00:00,37.122484682935834,-86.35603040316032,personal_care
EVV-GCGCV2QB2Y,AID-KKTN9P,MBR-BL5PTDN9TA,PRV-GQ36BNJZ2W,2024-06-29 17:22:00+00:00,2024-06-29 18:06:00+00:00,37.122484682935834,-86.35603040316032,personal_care
EVV-J9HZPDFSEV,AID-ZZRTBD,MBR-Q56D234924,PRV-ZU6YL2HNHH,2024-01-30 11:09:00+00:00,2024-01-30 12:27:00+00:00,36.768142554953165,-84.95009753135851,personal_care
EVV-CE2ZYPJRQJ,AID-ESS89Z,MBR-UCEQYHF3V4,PRV-5AE63K9XH5,2024-06-06 10:15:00+00:00,2024-06-06 10:52:00+00:00,38.80992523709549,-77.71404368489253,personal_care
EVV-YQQG92FS39,AID-JGWZQW,MBR-S7Z8C8UNTB,PRV-ZU6YL2HNHH,2024-01-20 14:34:00+00:00,2024-01-20 15:44:00+00:00,34.68454234227475,-73.6337365451326,personal_care
EVV-RVFQATNQKD,AID-B28Y8S,MBR-Y46Z4D77Y3,PRV-R6UGAZC4XJ,2024-08-01 16:38:00+00:00,2024-08-01 17:26:00+00:00,37.50568675294382,-79.42267959771479,personal_care
EVV-W6QSGRQDW7,AID-RG68KV,MBR-2NR27KXVV3,PRV-5AE63K9XH5,2024-06-26 17:22:00+00:00,2024-06-26 18:46:00+00:00,34.85956050269134,-72.13187033077372,personal_care
EVV-K5DYQRYZ3Q,AID-J4X2YE,MBR-63JAR5TFRQ,PRV-ZU6YL2HNHH,2024-04-01 14:07:00+00:00,2024-04-01 15:28:00+00:00,34.9419083047206,-77.58682672735847,personal_care
EVV-E6TB3AATEV,AID-27QQ55,MBR-FR9SUZRQYE,PRV-R6UGAZC4XJ,2024-07-14 17:43:00+00:00,2024-07-14 18:25:00+00:00,36.768142554953165,-84.95009753135851,personal_care
EVV-UVVG53SN5N,AID-TUAWGQ,MBR-QFQ7K875L3,PRV-ZU6YL2HNHH,2024-07-14 12:03:00+00:00,2024-07-14 12:45:00+00:00,35.6554029141366,-87.35302612624893,personal_care
EVV-Y9PKT688QU,AID-3HUYG5,MBR-H5PBWV7T3H,PRV-R6UGAZC4XJ,2024-01-27 07:14:00+00:00,2024-01-27 08:42:00+00:00,41.35528287708297,-82.14841866106755,personal_care
EVV-6ALVXHMDGU,AID-GCMTV2,MBR-XPGBTT2ECZ,PRV-GQ36BNJZ2W,2024-05-20 13:35:00+00:00,2024-05-20 14:52:00+00:00,37.122484682935834,-86.35603040316032,personal_care
EVV-KM7DHQJP6G,AID-8T8W56,MBR-HX94GZSQRT,PRV-5AE63K9XH5,2024-02-05 15:01:00+00:00,2024-02-05 16:07:00+00:00,36.82582679541986,-87.93651788511471,personal_care
EVV-KCDD28V6ZV,AID-9776WN,MBR-2NR27KXVV3,PRV-R6UGAZC4XJ,2024-08-10 08:06:00+00:00,2024-08-10 08:58:00+00:00,34.85956050269134,-72.13187033077372,personal_care
EVV-EQTP7MJ4MW,AID-ZJ8VGV,MBR-59N7KMSMAY,PRV-5AE63K9XH5,2024-01-28 15:31:00+00:00,2024-01-28 16:46:00+00:00,36.768142554953165,-84.95009753135851,personal_care
EVV-98NPTDJ796,AID-YWWJCW,MBR-KXFLG7CTRT,PRV-ZU6YL2HNHH,2024-03-04 15:25:00+00:00,2024-03-04 16:21:00+00:00,35.16498721880662,-73.15329166860074,personal_care
EVV-VF38KAK6H3,AID-AE9GGY,MBR-FZQYV4SKXX,PRV-GQ36BNJZ2W,2024-08-20 14:11:00+00:00,2024-08-20 15:06:00+00:00,39.16303629041909,-79.26000000780826,personal_care
EVV-EZ5XDJ5D2H,AID-9R67RU,MBR-XPGBTT2ECZ,PRV-ZU6YL2HNHH,2024-06-28 17:26:00+00:00,2024-06-28 18:07:00+00:00,37.122484682935834,-86.35603040316032,personal_care
EVV-HPG6F9WKGL,AID-AK6X7B,MBR-26AVMXYZBB,PRV-5AE63K9XH5,2024-01-15 17:33:00+00:00,2024-01-15 18:57:00+00:00,37.50030388682402,-71.33328923502998,personal_care
EVV-VP984Z2AZT,AID-RJ5RAM,MBR-PETFJK9QT7,PRV-5AE63K9XH5,2024-01-14 16:01:00+00:00,2024-01-14 17:27:00+00:00,34.68454234227475,-73.6337365451326,personal_care
EVV-QGSCJ4PD3R,AID-6U6FLK,MBR-4LB87BN7MV,PRV-R6UGAZC4XJ,2024-03-22 15:44:00+00:00,2024-03-22 17:10:00+00:00,37.50030388682402,-71.33328923502998,personal_care
EVV-QHV48WVPEY,AID-LSD77U,MBR-PSVVP9RXXN,PRV-GQ36BNJZ2W,2024-03-18 17:06:00+00:00,2024-03-18 17:45:00+00:00,41.35528287708297,-82.14841866106755,personal_care
EVV-8XLG3AD3ZJ,AID-JTEYU2,MBR-FVQXNKE82Q,PRV-R6UGAZC4XJ,2024-01-01 11:00:00+00:00,2024-01-01 12:06:00+00:00,34.9419083047206,-77.58682672735847,personal_care
EVV-QMKA8JWFJQ,AID-7HCXK9,MBR-KSC4HVJFFY,PRV-R6UGAZC4XJ,2024-06-16 17:47:00+00:00,2024-06-16 18:22:00+00:00,41.85115116270072,-78.61044970965652,personal_care
EVV-ZTLZA66DRE,AID-DJZH4W,MBR-VPC7RKBDT2,PRV-5AE63K9XH5,2024-04-19 17:38:00+00:00,2024-04-19 18:38:00+00:00,39.73097624055286,-76.79299268143517,personal_care
EVV-LQZP9NCDLV,AID-DYHHFJ,MBR-J39SZ2P3P6,PRV-GQ36BNJZ2W,2024-05-31 16:48:00+00:00,2024-05-31 17:31:00+00:00,34.85956050269134,-72.13187033077372,personal_care
EVV-6A8PZ7KC6U,AID-CC48KY,MBR-QFQ7K875L3,PRV-ZU6YL2HNHH,2024-05-14 16:42:00+00:00,2024-05-14 17:16:00+00:00,35.6554029141366,-87.35302612624893,personal_care
EVV-P6NM67R76B,AID-9N9L37,MBR-KURT4X2XJU,PRV-GQ36BNJZ2W,2024-08-25 09:27:00+00:00,2024-08-25 10:16:00+00:00,41.36198100856636,-87.91048982238523,personal_care
EVV-65EW9ZYTW9,AID-PR4HXM,MBR-FYPQ73DHJX,PRV-GQ36BNJZ2W,2024-01-27 17:22:00+00:00,2024-01-27 18:45:00+00:00,34.68454234227475,-73.6337365451326,personal_care
EVV-3NVT2VPQ2U,AID-CPJBR7,MBR-59N7KMSMAY,PRV-GQ36BNJZ2W,2024-04-06 16:45:00+00:00,2024-04-06 17:59:00+00:00,36.768142554953165,-84.95009753135851,personal_care
EVV-FKLKWJKWJP,AID-SQAFVZ,MBR-Y46Z4D77Y3,PRV-GQ36BNJZ2W,2024-04-05 14:11:00+00:00,2024-04-05 15:29:00+00:00,37.50568675294382,-79.42267959771479,personal_care
EVV-C8FEM9UD9V,AID-XEEF6S,MBR-4VB4MXWWPN,PRV-ZU6YL2HNHH,2024-01-10 11:08:00+00:00,2024-01-10 12:35:00+00:00,34.68454234227475,-73.6337365451326,personal_care
EVV-SXQF72JQT3,AID-MYQTVM,MBR-Q56D234924,PRV-GQ36BNJZ2W,2024-06-14 14:20:00+00:00,2024-06-14 15:40:00+00:00,36.768142554953165,-84.95009753135851,personal_care
EVV-TRR23WUAKR,AID-9V29XK,MBR-4LB87BN7MV,PRV-5AE63K9XH5,2024-05-14 13:25:00+00:00,2024-05-14 14:43:00+00:00,37.50030388682402,-71.33328923502998,personal_care
EVV-Q7FB6DEXSK,AID-BJE4FE,MBR-B8UH9BQB22,PRV-GQ36BNJZ2W,2024-03-21 12:45:00+00:00,2024-03-21 13:20:00+00:00,41.85115116270072,-78.61044970965652,personal_care
EVV-Y7AYLDUNUD,AID-B6Y8MF,MBR-3DKU3QY3W4,PRV-ZU6YL2HNHH,2024-08-17 13:43:00+00:00,2024-08-17 14:20:00+00:00,38.80992523709549,-77.71404368489253,personal_care
EVV-X4X2NPCCFH,AID-RMM4P2,MBR-LUWMQY57KY,PRV-ZU6YL2HNHH,2024-04-09 12:09:00+00:00,2024-04-09 13:33:00+00:00,37.81795340631848,-83.90028667999319,personal_care
EVV-PB3ST4NMFQ,AID-E4HPRJ,MBR-3ULHAGK6SG,PRV-GQ36BNJZ2W,2024-08-21 09:01:00+00:00,2024-08-21 10:24:00+00:00,37.50030388682402,-71.33328923502998,personal_care
EVV-V63DA69VKH,AID-DE4WWT,MBR-6SBLF43NN5,PRV-ZU6YL2HNHH,2024-03-28 10:20:00+00:00,2024-03-28 10:54:00+00:00,38.88365660486492,-86.99272208012644,personal_care
EVV-YK7SKJEVZ3,AID-XECRWM,MBR-4C2VNKWGF5,PRV-R6UGAZC4XJ,2024-04-16 15:47:00+00:00,2024-04-16 16:29:00+00:00,34.85956050269134,-72.13187033077372,personal_care
EVV-BQY3XSJH5Q,AID-YNBBC5,MBR-4LB87BN7MV,PRV-GQ36BNJZ2W,2024-03-30 12:06:00+00:00,2024-03-30 12:38:00+00:00,37.50030388682402,-71.33328923502998,personal_care
EVV-KSYQ4FSFLL,AID-3QHYVG,MBR-8QYV5748M9,PRV-GQ36BNJZ2W,2024-06-30 08:03:00+00:00,2024-06-30 09:29:00+00:00,35.6554029141366,-87.35302612624893,personal_care
EVV-ZFRG9DEU8U,AID-S69DQV,MBR-ZL5Q6EFMAR,PRV-5AE63K9XH5,2024-08-14 08:36:00+00:00,2024-08-14 10:03:00+00:00,37.50568675294382,-79.42267959771479,personal_care
EVV-Q66AGA4E73,AID-EC5EU5,MBR-Q9XVDUN4EG,PRV-ZU6YL2HNHH,2024-03-06 07:15:00+00:00,2024-03-06 08:18:00+00:00,33.628440707161495,-77.31614688627306,personal_care
EVV-LMCH45KKMT,AID-N44PKW,MBR-YQDXZC2T45,PRV-GQ36BNJZ2W,2024-04-26 07:42:00+00:00,2024-04-26 09:09:00+00:00,39.25745450248274,-75.38989389484843,personal_care
EVV-LHAAHQ3RYW,AID-AF5GUK,MBR-B8UH9BQB22,PRV-5AE63K9XH5,2024-06-07 12:31:00+00:00,2024-06-07 13:07:00+00:00,42.42146828420462,-78.04013258815262,personal_care
EVV-23ZLFF4VWH,AID-A65E7L,MBR-FV7G6UXLBA,PRV-ZU6YL2HNHH,2024-06-02 07:44:00+00:00,2024-06-02 09:12:00+00:00,36.84966745308684,-87.4840449954701,personal_care
EVV-57DBZVBTGZ,AID-NBB9AM,MBR-EL4SD7SMBU,PRV-5AE63K9XH5,2024-04-20 08:48:00+00:00,2024-04-20 09:19:00+00:00,38.80992523709549,-77.71404368489253,personal_care
EVV-RMZNTQV7DH,AID-MCFZHC,MBR-LJX3UFVHQR,PRV-R6UGAZC4XJ,2024-04-15 08:24:00+00:00,2024-04-15 09:12:00+00:00,37.50030388682402,-71.33328923502998,personal_care
EVV-P7F7ZNF4BS,AID-W3E8K6,MBR-3ULHAGK6SG,PRV-ZU6YL2HNHH,2024-03-08 11:02:00+00:00,2024-03-08 11:55:00+00:00,37.50030388682402,-71.33328923502998,personal_care
EVV-TTR2M4XXZK,AID-FAZD6E,MBR-FVQXNKE82Q,PRV-5AE63K9XH5,2024-06-20 14:09:00+00:00,2024-06-20 15:06:00+00:00,34.9419083047206,-77.58682672735847,personal_care
EVV-G9E8N52QXN,AID-THQQ8K,MBR-NDAL8TYHG6,PRV-ZU6YL2HNHH,2024-01-02 09:04:00+00:00,2024-01-02 09:37:00+00:00,34.9419083047206,-77.58682672735847,personal_care
EVV-RD433N4VB3,AID-TWKHCN,MBR-GQPNSUNUD8,PRV-GQ36BNJZ2W,2024-08-25 11:25:00+00:00,2024-08-25 12:11:00+00:00,37.50030388682402,-71.33328923502998,personal_care
EVV-M9AJGUNVGF,AID-3EKTLX,MBR-ENQHWRE4EM,PRV-5AE63K9XH5,2024-08-24 16:25:00+00:00,2024-08-24 16:55:00+00:00,37.50568675294382,-79.42267959771479,personal_care
EVV-GR525KRGVA,AID-G6UW6C,MBR-4MXTKGTLSY,PRV-ZU6YL2HNHH,2024-02-05 10:20:00+00:00,2024-02-05 11:14:00+00:00,37.122484682935834,-86.35603040316032,personal_care
EVV-73S8MR4EX9,AID-ZK23E5,MBR-26AVMXYZBB,PRV-GQ36BNJZ2W,2024-04-24 17:44:00+00:00,2024-04-24 19:07:00+00:00,37.50030388682402,-71.33328923502998,personal_care
EVV-4R32GLQU5E,AID-MA7CNR,MBR-BUL4LEDKWE,PRV-5AE63K9XH5,2024-04-30 09:04:00+00:00,2024-04-30 09:48:00+00:00,41.36198100856636,-87.91048982238523,personal_care
EVV-HQ3SBXVFE5,AID-S3TP94,MBR-KQZHQZB89K,PRV-ZU6YL2HNHH,2024-03-14 07:17:00+00:00,2024-03-14 08:22:00+00:00,38.80992523709549,-77.71404368489253,personal_care
EVV-GZLW3BPHLR,AID-QBEJK5,MBR-4VYBTHF64D,PRV-GQ36BNJZ2W,2024-02-03 08:23:00+00:00,2024-02-03 09:14:00+00:00,34.68454234227475,-73.6337365451326,personal_care
EVV-UHSSLAJXTW,AID-98SVQ4,MBR-BDY6GKJ6LW,PRV-GQ36BNJZ2W,2024-01-15 11:21:00+00:00,2024-01-15 11:53:00+00:00,37.122484682935834,-86.35603040316032,personal_care
EVV-GBSH3Y5UJB,AID-NC9CBK,MBR-ZL5Q6EFMAR,PRV-5AE63K9XH5,2024-04-14 14:03:00+00:00,2024-04-14 14:44:00+00:00,37.50568675294382,-79.42267959771479,personal_care
EVV-ZEFZ5RAXTA,AID-V5TXTF,MBR-85TW3PXGVH,PRV-GQ36BNJZ2W,2024-01-01 07:30:00+00:00,2024-01-01 08:03:00+00:00,41.85115116270072,-78.61044970965652,personal_care
EVV-QDAE8E8PW6,AID-E9SMH6,MBR-FV7G6UXLBA,PRV-5AE63K9XH5,2024-08-13 12:39:00+00:00,2024-08-13 14:06:00+00:00,36.84966745308684,-87.4840449954701,personal_care
EVV-FR82GGXED8,AID-YK7B9W,MBR-4KTNS62BW2,PRV-5AE63K9XH5,2024-03-03 07:01:00+00:00,2024-03-03 07:53:00+00:00,33.628440707161495,-77.31614688627306,personal_care
EVV-KPEQ694YL4,AID-LFETWG,MBR-85TW3PXGVH,PRV-ZU6YL2HNHH,2024-04-22 10:41:00+00:00,2024-04-22 12:04:00+00:00,41.85115116270072,-78.61044970965652,personal_care
EVV-QZPT6BBR7W,AID-RBAQE8,MBR-FR9SUZRQYE,PRV-ZU6YL2HNHH,2024-03-10 17:06:00+00:00,2024-03-10 17:57:00+00:00,36.768142554953165,-84.95009753135851,personal_care
EVV-VCVSFW2KJ2,AID-T5FZWS,MBR-6KDHMRRDDG,PRV-R6UGAZC4XJ,2024-05-08 13:11:00+00:00,2024-05-08 14:01:00+00:00,36.82582679541986,-87.93651788511471,personal_care
EVV-SMZKXWPL6F,AID-6WHYMU,MBR-4VB4MXWWPN,PRV-5AE63K9XH5,2024-06-14 08:22:00+00:00,2024-06-14 09:10:00+00:00,34.68454234227475,-73.6337365451326,personal_care
EVV-J2D8U72AWT,AID-7G8H4Z,MBR-7XEPY4R5EL,PRV-R6UGAZC4XJ,2024-08-01 16:17:00+00:00,2024-08-01 17:33:00+00:00,34.85956050269134,-72.13187033077372,personal_care
EVV-XDMCBZ26JL,AID-PFMY7J,MBR-W33FF9PGW5,PRV-5AE63K9XH5,2024-01-05 10:34:00+00:00,2024-01-05 11:46:00+00:00,37.50030388682402,-71.33328923502998,personal_care
EVV-DKV865EXHX,AID-AR3GGP,MBR-JZTGZW6TE6,PRV-5AE63K9XH5,2024-06-26 08:26:00+00:00,2024-06-26 09:45:00+00:00,39.25745450248274,-75.38989389484843,personal_care
EVV-ZTAFUDTLZG,AID-U4ZYXQ,MBR-PETFJK9QT7,PRV-R6UGAZC4XJ,2024-02-29 14:02:00+00:00,2024-02-29 14:53:00+00:00,34.68454234227475,-73.6337365451326,personal_care
EVV-J2M7DXEA6U,AID-JXR2HD,MBR-3ULHAGK6SG,PRV-ZU6YL2HNHH,2024-05-16 11:29:00+00:00,2024-05-16 12:17:00+00:00,37.50030388682402,-71.33328923502998,personal_care
EVV-HJMGGUTD5N,AID-WC6HKG,MBR-ZLNPJ2MYTP,PRV-5AE63K9XH5,2024-07-26 15:41:00+00:00,2024-07-26 16:20:00+00:00,33.628440707161495,-77.31614688627306,personal_care
EVV-Y43JE6X958,AID-VWKTA4,MBR-KSC4HVJFFY,PRV-R6UGAZC4XJ,2024-03-31 09:01:00+00:00,2024-03-31 10:01:00+00:00,41.85115116270072,-78.61044970965652,personal_care
EVV-XSAWHJU9FG,AID-T2ZBWW,MBR-FV7G6UXLBA,PRV-5AE63K9XH5,2024-07-23 07:05:00+00:00,2024-07-23 08:03:00+00:00,36.84966745308684,-87.4840449954701,personal_care
EVV-C9US5H8MFV,AID-MFPYDS,MBR-FVQXNKE82Q,PRV-ZU6YL2HNHH,2024-02-19 13:17:00+00:00,2024-02-19 13:50:00+00:00,34.9419083047206,-77.58682672735847,personal_care
EVV-HNUTR76QWL,AID-48ASEQ,MBR-UQYW382EA8,PRV-R6UGAZC4XJ,2024-08-02 12:02:00+00:00,2024-08-02 12:32:00+00:00,36.768142554953165,-84.95009753135851,personal_care
EVV-38U484Z3T3,AID-DK5CQL,MBR-6KDHMRRDDG,PRV-GQ36BNJZ2W,2024-06-16 10:25:00+00:00,2024-06-16 11:10:00+00:00,36.82582679541986,-87.93651788511471,personal_care
EVV-TG8NLKCN4U,AID-RWZMCM,MBR-ECH5HLTRCG,PRV-ZU6YL2HNHH,2024-01-02 12:08:00+00:00,2024-01-02 13:09:00+00:00,33.628440707161495,-77.31614688627306,personal_care
EVV-K7KRLKDZ6G,AID-G6D9LT,MBR-FVQXNKE82Q,PRV-GQ36BNJZ2W,2024-04-07 15:28:00+00:00,2024-04-07 16:45:00+00:00,35.473860114082385,-77.05487491799668,personal_care
EVV-JVG9ZLVCHU,AID-J4H4B7,MBR-9NLNH78NEA,PRV-5AE63K9XH5,2024-08-11 07:24:00+00:00,2024-08-11 08:39:00+00:00,39.25745450248274,-75.38989389484843,personal_care
EVV-JFP4BEZZSW,AID-3WC8F8,MBR-XPGBTT2ECZ,PRV-R6UGAZC4XJ,2024-05-22 11:32:00+00:00,2024-05-22 12:14:00+00:00,37.122484682935834,-86.35603040316032,personal_care
EVV-G864CXY239,AID-DMAKG7,MBR-MPY7DCHPFS,PRV-R6UGAZC4XJ,2024-07-24 14:44:00+00:00,2024-07-24 15:17:00+00:00,41.85115116270072,-78.61044970965652,personal_care
EVV-4L9M75J2KQ,AID-37MJGU,MBR-4KTNS62BW2,PRV-GQ36BNJZ2W,2024-07-02 10:43:00+00:00,2024-07-02 12:07:00+00:00,33.628440707161495,-77.31614688627306,personal_care
EVV-R568FLKADE,AID-NG9MLA,MBR-59N7KMSMAY,PRV-R6UGAZC4XJ,2024-01-30 07:42:00+00:00,2024-01-30 08:26:00+00:00,36.768142554953165,-84.95009753135851,personal_care
EVV-M7766CFUPC,AID-NJLHAK,MBR-AEENY3383J,PRV-ZU6YL2HNHH,2024-02-10 08:08:00+00:00,2024-02-10 09:36:00+00:00,34.68454234227475,-73.6337365451326,personal_care
EVV-RGSNNVL3QB,AID-5NYX5R,MBR-26AVMXYZBB,PRV-ZU6YL2HNHH,2024-07-30 17:39:00+00:00,2024-07-30 18:32:00+00:00,37.50030388682402,-71.33328923502998,personal_care
EVV-BF9N5P3LQY,AID-XHHV28,MBR-ANBZTECZG4,PRV-ZU6YL2HNHH,2024-02-20 16:41:00+00:00,2024-02-20 17:55:00+00:00,36.768142554953165,-84.95009753135851,personal_care
EVV-BMGPCC8DCK,AID-SXD2EQ,MBR-4C2VNKWGF5,PRV-R6UGAZC4XJ,2024-04-05 12:33:00+00:00,2024-04-05 13:27:00+00:00,34.85956050269134,-72.13187033077372,personal_care
EVV-V2TKHLSHQK,AID-325C3Y,MBR-PSVVP9RXXN,PRV-R6UGAZC4XJ,2024-02-18 17:48:00+00:00,2024-02-18 19:07:00+00:00,41.35528287708297,-82.14841866106755,personal_care
EVV-TEEUK8GZE5,AID-J25QA8,MBR-LJX3UFVHQR,PRV-R6UGAZC4XJ,2024-01-05 14:00:00+00:00,2024-01-05 15:12:00+00:00,37.50030388682402,-71.33328923502998,personal_care
EVV-PG7Z73UHJZ,AID-CSQKCZ,MBR-EFTCWLP65R,PRV-5AE63K9XH5,2024-04-26 10:46:00+00:00,2024-04-26 11:22:00+00:00,37.122484682935834,-86.35603040316032,personal_care
EVV-BCKUHUBTXD,AID-SX6THZ,MBR-9NLNH78NEA,PRV-R6UGAZC4XJ,2024-07-16 07:27:00+00:00,2024-07-16 08:32:00+00:00,39.25745450248274,-75.38989389484843,personal_care
EVV-URSGKKH4Q7,AID-MWFRN2,MBR-8QYV5748M9,PRV-5AE63K9XH5,2024-06-21 17:39:00+00:00,2024-06-21 18:20:00+00:00,35.6554029141366,-87.35302612624893,personal_care
EVV-7WEEJTDCA4,AID-5ZNJQH,MBR-EFTCWLP65R,PRV-R6UGAZC4XJ,2024-03-28 12:44:00+00:00,2024-03-28 14:08:00+00:00,37.122484682935834,-86.35603040316032,personal_care
EVV-CWPFNJK7QK,AID-K4V8CA,MBR-R5AEQFFAJ2,PRV-5AE63K9XH5,2024-07-10 13:41:00+00:00,2024-07-10 14:36:00+00:00,37.50030388682402,-71.33328923502998,personal_care
EVV-BQXWBTRWV5,AID-NRTUWV,MBR-V9VF74MPX3,PRV-ZU6YL2HNHH,2024-01-01 07:15:00+00:00,2024-01-01 08:32:00+00:00,41.85115116270072,-78.61044970965652,personal_care
EVV-XDKN9G7EKX,AID-VYHRGA,MBR-BJJYH8G9UH,PRV-R6UGAZC4XJ,2024-01-26 17:28:00+00:00,2024-01-26 18:41:00+00:00,37.50030388682402,-71.33328923502998,personal_care
EVV-R8N32E7QAK,AID-PCM3W5,MBR-EWCZ7ZJ4K2,PRV-GQ36BNJZ2W,2024-04-20 14:07:00+00:00,2024-04-20 15:32:00+00:00,33.628440707161495,-77.31614688627306,personal_care
EVV-ZQENWHBRGL,AID-GJ4MD7,MBR-B9S4DFFU5V,PRV-GQ36BNJZ2W,2024-04-16 12:09:00+00:00,2024-04-16 13:29:00+00:00,38.80992523709549,-77.71404368489253,personal_care
EVV-PZ9JBPJDNH,AID-644RRW,MBR-9PQ5QXMXV9,PRV-5AE63K9XH5,2024-01-19 11:14:00+00:00,2024-01-19 12:04:00+00:00,34.9419083047206,-77.58682672735847,personal_care
EVV-NMSDJRF6NM,AID-TLXJR5,MBR-8QYV5748M9,PRV-GQ36BNJZ2W,2024-01-10 14:25:00+00:00,2024-01-10 15:13:00+00:00,35.6554029141366,-87.35302612624893,personal_care
EVV-GFELR6WL9P,AID-H72C9C,MBR-BUL4LEDKWE,PRV-R6UGAZC4XJ,2024-04-19 12:36:00+00:00,2024-04-19 13:58:00+00:00,41.36198100856636,-87.91048982238523,personal_care
EVV-Z8DSX29VDP,AID-QK9RSA,MBR-23FN74V9L5,PRV-R6UGAZC4XJ,2024-02-06 13:26:00+00:00,2024-02-06 14:23:00+00:00,37.50568675294382,-79.42267959771479,personal_care
EVV-GY5PTGFUXU,AID-TP3MB2,MBR-KSC4HVJFFY,PRV-GQ36BNJZ2W,2024-07-06 08:49:00+00:00,2024-07-06 10:18:00+00:00,41.85115116270072,-78.61044970965652,personal_care
EVV-WQGKV8EYT4,AID-F3GWXP,MBR-4EXUHMWNNJ,PRV-GQ36BNJZ2W,2024-01-25 15:44:00+00:00,2024-01-25 17:02:00+00:00,34.68454234227475,-73.6337365451326,personal_care
EVV-33XDT99K9T,AID-B5NFHQ,MBR-6SBLF43NN5,PRV-R6UGAZC4XJ,2024-03-02 16:45:00+00:00,2024-03-02 18:11:00+00:00,38.88365660486492,-86.99272208012644,personal_care
EVV-H24KNH2Q8X,AID-P2Z2SH,MBR-BZNAEFCCUH,PRV-ZU6YL2HNHH,2024-05-09 12:14:00+00:00,2024-05-09 13:03:00+00:00,38.80992523709549,-77.71404368489253,personal_care
EVV-VYMXXCXCJ7,AID-EGWXB9,MBR-EKUMPKKR4M,PRV-ZU6YL2HNHH,2024-03-01 07:16:00+00:00,2024-03-01 08:21:00+00:00,35.6554029141366,-87.35302612624893,personal_care
EVV-FMFJP3HFUD,AID-SPRU68,MBR-Y6AVHN8W6G,PRV-ZU6YL2HNHH,2024-03-03 16:09:00+00:00,2024-03-03 17:27:00+00:00,41.85115116270072,-78.61044970965652,personal_care
EVV-DK3XZAFJ8K,AID-R2GY26,MBR-U8Q725GQ72,PRV-R6UGAZC4XJ,2024-06-30 17:29:00+00:00,2024-06-30 18:03:00+00:00,34.68454234227475,-73.6337365451326,personal_care
EVV-UHP2ZXD9PS,AID-27J4GU,MBR-LKW3FJD9YF,PRV-GQ36BNJZ2W,2024-05-29 09:18:00+00:00,2024-05-29 10:44:00+00:00,37.122484682935834,-86.35603040316032,personal_care
EVV-M5PJNCJMEL,AID-QPSPGA,MBR-6SBLF43NN5,PRV-5AE63K9XH5,2024-04-07 12:18:00+00:00,2024-04-07 13:07:00+00:00,38.88365660486492,-86.99272208012644,personal_care
EVV-3JWVFCVT5G,AID-QG5TRC,MBR-8MK5KHJNCW,PRV-5AE63K9XH5,2024-06-01 07:41:00+00:00,2024-06-01 08:59:00+00:00,37.50568675294382,-79.42267959771479,personal_care
