scheme_id,scheme_type,variant,provider_id,entity_ids,line_ids,member_ids,start,end,held_out,is_fraud,notes
S01,duplicate_billing,A,PRV-P8SZX5BYHL,[],"['LN-XKN75K94MF', 'LN-C4P8N9VR77']",['MBR-DJLLB54X78'],2024-04-26,2024-04-26,False,True,
S01,duplicate_billing,B,PRV-P8SZX5BYHL,[],"['LN-F7WAP6VLH9', 'LN-XNM3M6S8RF']",['MBR-4MXTKGTLSY'],2024-06-05,2024-06-05,False,True,modifier-shifted near duplicate
S02,upcoding,A,PRV-52P4GQD2DS,[],"['LN-JAKFH5F6XY', 'LN-V6PA7UWPXH', 'LN-XLC3C4N8YC', 'LN-XQJVXH29KC', 'LN-DHA7W47QXJ', 'LN-TRAVMPSZ26', 'LN-CNAFJDNE4W', 'LN-4T8N66XQBZ', 'LN-5ZRUAFQM84', 'LN-SHZP6587FJ', 'LN-UC8YD2A86A', 'LN-888EEJ4ZVC', 'LN-Q3XCUG7VWH', 'LN-FJTHW7N5N7', 'LN-GZ2YPJSQ7B', 'LN-5P7VSUE6HD', 'LN-HUQK8FEW3H', 'LN-VLBY8NT8M8']","['MBR-3DKU3QY3W4', 'MBR-Y46Z4D77Y3', 'MBR-P78M8HDWEL', 'MBR-ZLNPJ2MYTP', 'MBR-5C38HCEB3B', 'MBR-UCEQYHF3V4', 'MBR-BZNAEFCCUH', 'MBR-8QYV5748M9', 'MBR-U8Q725GQ72', 'MBR-63JAR5TFRQ', 'MBR-BL5PTDN9TA', 'MBR-UC38TQGQU2', 'MBR-DJLLB54X78', 'MBR-JZTGZW6TE6', 'MBR-UQYW382EA8', 'MBR-P78M8HDWEL', 'MBR-ETZVH7W6AB', 'MBR-69CJDM2UQG']",,,False,True,
S02,upcoding,B,PRV-HC5CWNTSHD,[],"['LN-THRU3GDHND', 'LN-BXNC3PT6K6', 'LN-Z92BCT4SRW', 'LN-2F83GG7EKU', 'LN-3G3NUFSBAS', 'LN-5RXCCHN9BA', 'LN-VBCS45JJHY', 'LN-5696SSXNYX', 'LN-X4ZK57724B', 'LN-VMWB7FANQE', 'LN-XWEVBXUCPR', 'LN-2NUXVX4RMX', 'LN-Q66M9PYAED', 'LN-LESLNFJR36', 'LN-VW9FYN8MNC', 'LN-3JKXCYNBMD']",[],,,False,True,gradual drift
S03,unbundling,A,PRV-DLK2K6289C,[],"['LN-EWTXR7KQAB', 'LN-GSXQYGFNK5']",['MBR-Y4DRB8SKCE'],2024-04-17,2024-04-17,False,True,
S04,excess_units,A,PRV-AEV55VW98C,[],['LN-T78KS7P928'],[],,,False,True,
S04,excess_units,B,PRV-AEV55VW98C,[],"['LN-X7JGZ6FW6A', 'LN-6C3WYJQ6DJ']",[],,,False,True,split across lines same day
S05,phantom_after_death,A,PRV-FYQT8W8H8G,[],['LN-H4NBKE6966'],['MBR-MPY7DCHPFS'],,,False,True,
S06,ambulance_impossible,A,PRV-AEV55VW98C,[],"['LN-PDRAWKU7PH', 'LN-FL87C473XS']",[],,,True,True,overlapping trips same vehicle-day
S07,impossible_timing,A,PRV-9HWCXGYGRP,[],"['LN-JDZ7W7LQWL', 'LN-C8BC6BDVNV', 'LN-XLXUM6RBSC', 'LN-VXJC3LH476', 'LN-NVZTGK4GE9', 'LN-MKZBWTKXKE', 'LN-WNEFEHDU46', 'LN-VANC5Q9SA2', 'LN-VV9NQV8DV4', 'LN-RZGR6TMZB6', 'LN-PF2LHAGTX8', 'LN-ZLE757D3UC', 'LN-PPRKSHM7K2', 'LN-WR9AN9GMLW', 'LN-9T7WXEES2N', 'LN-79FTKGZLGT', 'LN-NJQXKUQBNM', 'LN-3KK5MAW5N9', 'LN-3GM4LBWUB4', 'LN-CNF5P7AAFV', 'LN-8R9Z5RN32M', 'LN-XSW6Y947B5', 'LN-CBRG9E3SST', 'LN-YKQEFXKGDX', 'LN-KA2M67GKKX', 'LN-FL7YS8DABV', 'LN-279EHLGXKX', 'LN-UVMZHF7L4K']",[],2024-04-13,2024-04-13,False,True,28 billed PSY-60 hours / 1680 minutes on one day
S08,inpatient_overlap,A,PRV-9HWCXGYGRP,[],['LN-462FEA9DQ6'],['MBR-UQYW382EA8'],,,False,True,
S09,evv_missing,A,PRV-5AE63K9XH5,[],['LN-5NVBSDWFTZ'],['MBR-KQZHQZB89K'],,,False,True,home visit with no EVV row
S10,excessive_utilization,A,PRV-5AE63K9XH5,[],"['LN-CVGLYFGL96', 'LN-Y6NQP2KTKB', 'LN-WAKERBPJVZ', 'LN-QQUMJLGPPA', 'LN-QLDYKMW6F4', 'LN-3RY9KEZYXX', 'LN-JXHFXW4QU5', 'LN-44UUDVZF8U', 'LN-3X75NNUZ5X', 'LN-M9GH99FWB9', 'LN-UJT6L5M2YB', 'LN-ZFPST2FGWK', 'LN-T8ERLSDW9T', 'LN-DRNVUH485D', 'LN-84DWETREDX', 'LN-R638WK8DTT', 'LN-VXXS8WUB7B', 'LN-S4VUDLB796', 'LN-Z844CJ4KJL', 'LN-BBC5FXJAXC', 'LN-BESB62MHBC', 'LN-FVWL3XS8SF', 'LN-F4E3NNFHQF', 'LN-BPNJA8WBJ3', 'LN-QEY25VXBRK', 'LN-HTWVPJE464', 'LN-LAV9DZ88C9', 'LN-47HBP6WUCG']",['MBR-ZQX5ZKU3UK'],,,False,True,
S11,excluded_party,A,PRV-GG7BBL7G9L,[],['LN-SGFZX2WNRE'],[],,,False,True,billing NPI matches synthetic LEIE row
S12,doctor_shopping,A,PRV-52P4GQD2DS,"['PRV-52P4GQD2DS', 'PRV-HC5CWNTSHD', 'PRV-CYX8UDJJ75', 'PRV-DVP5UVKXMG', 'PRV-EWJD2QDPA6', 'PRV-P8SZX5BYHL', 'PRV-NNZAMXRZ52', 'PRV-Z84M5CG5BX', 'PRV-E2KQR2ZK3Q', 'PRV-F2HS2XPZAV']",[],['MBR-5Y93Z8WGHW'],,,False,True,
G1,telefraud,A,PRV-4GHMRGCDAW,"['PRV-4GHMRGCDAW', 'PRV-ZVARQVCWQQ', 'PRV-HUT9JJ4X7T', 'OWN-RGQXCMF6ZF', 'PRV-52P4GQD2DS']","['LN-7PUHCXB7V2', 'LN-TMFPNDX7YS', 'LN-62YW9TRUNJ', 'LN-VL894RHKPT', 'LN-QTCEZ3CXU3', 'LN-6KAA5P48MT', 'LN-U3A2F3MRTZ', 'LN-MMEGJV8J4G', 'LN-W7YS5F69B3', 'LN-6ZDZFDDPGK', 'LN-36AZQ7JD8D', 'LN-L7NTNWYKEQ', 'LN-4A76DDSZXS', 'LN-LHF6B66M5L', 'LN-CLF5WG2YP9', 'LN-VB4JSSVN68', 'LN-ACKL74CBPC', 'LN-9E22FECY85', 'LN-8YU9VRX8Y3', 'LN-25R2VZCU6X', 'LN-UQ6HMZSUXB', 'LN-QHPHFM84CG', 'LN-Q3UKCXZ7Z2', 'LN-VMN45JP5QD']","['MBR-LKW3FJD9YF', 'MBR-4LB87BN7MV', 'MBR-B8UH9BQB22', 'MBR-XMN8XNZMG2', 'MBR-LSWYAWLX8N', 'MBR-L3J58QSDDG', 'MBR-KH7EQQUK24', 'MBR-NHZFV5F7YB', 'MBR-QBR4HDNJC7', 'MBR-8QYV5748M9', 'MBR-VPC7RKBDT2', 'MBR-KSC4HVJFFY', 'MBR-J39SZ2P3P6', 'MBR-85TW3PXGVH', 'MBR-69CJDM2UQG', 'MBR-V9VF74MPX3', 'MBR-ARSHMU22CN', 'MBR-R5AEQFFAJ2', 'MBR-QFQ7K875L3', 'MBR-4EXUHMWNNJ', 'MBR-FZQYV4SKXX', 'MBR-4KTNS62BW2', 'MBR-SMLQ7MHU28', 'MBR-6R667HJXAJ']",,,False,True,claims individually pass hard rules; ring is the signal
G2,sober_home,A,PRV-M7GH4K66H3,"['PRV-M7GH4K66H3', 'PRV-BFHL3Y49ZW', 'PRV-RC658LCB76', 'OWN-M6DCDKUCXS', 'PRV-52P4GQD2DS']","['LN-VWHGUB6GSJ', 'LN-R6YWM5EUWH', 'LN-AHMBTVMJUD', 'LN-SEZFUJTS35', 'LN-VM954XPWN6', 'LN-TSNADLLEYU', 'LN-ZSJXA359HF', 'LN-KRDUJXELFP', 'LN-AWHNPK8Z2B', 'LN-V9J5BHMH44', 'LN-RKMF4YND3J', 'LN-V6C2WS2BSS', 'LN-SCU7GMBJP9', 'LN-7PUS4HFFPE', 'LN-JHK3YZ4589', 'LN-D5DBCSXU4G', 'LN-XEXKZK6RBJ', 'LN-XFFJ9G8LQJ', 'LN-NMF4QUY4Y3', 'LN-HZMBAQ8KTQ', 'LN-KAXBCUX7YS', 'LN-XAG2XPJCDS', 'LN-CA974AFYAA', 'LN-M3W3CHMS6H']","['MBR-KQZHQZB89K', 'MBR-EFTCWLP65R', 'MBR-B8UH9BQB22', 'MBR-PETFJK9QT7', 'MBR-6SBLF43NN5', 'MBR-3DKU3QY3W4', 'MBR-R5AEQFFAJ2', 'MBR-R5AEQFFAJ2', 'MBR-ECH5HLTRCG', 'MBR-PETFJK9QT7', 'MBR-Y46Z4D77Y3', 'MBR-ARSHMU22CN', 'MBR-B8UH9BQB22', 'MBR-P78M8HDWEL', 'MBR-L3J58QSDDG', 'MBR-SYWRT9N83F', 'MBR-E5G8EVQHMP', 'MBR-QFQ7K875L3', 'MBR-BUL4LEDKWE', 'MBR-L3J58QSDDG', 'MBR-4LB87BN7MV', 'MBR-23FN74V9L5', 'MBR-B9S4DFFU5V', 'MBR-Y4DRB8SKCE']",,,False,True,claims individually pass hard rules; ring is the signal
G3,shell_cluster,A,PRV-ETLZN7DU4U,"['PRV-ETLZN7DU4U', 'PRV-ND2J7LZBRF', 'PRV-ACK8NC3876', 'PRV-6FDZ2H9Z97', 'PRV-DTZPX9JP99', 'OWN-YP8QJR7MVR']","['LN-TGGKDR5E6L', 'LN-NWMFBBMH3B', 'LN-V6CASTXMBT', 'LN-2BP8W4536X', 'LN-DRHWE87BY7', 'LN-DV9RY7BV68', 'LN-VQDVK4JKY7', 'LN-5TPDCJFC2R', 'LN-FDSU82KGPQ', 'LN-GJ6KZRVTV3', 'LN-24RNGM3KBQ', 'LN-BYFEPFWMXG', 'LN-JZ235F7D89', 'LN-QXPQK28L8S', 'LN-4EL6ERHM7H']",[],,,False,True,five NPIs one suite; owner name matches exclusion record
C1,camouflaged,A,PRV-R6UGAZC4XJ,[],"['LN-SEJNFRVL4Q', 'LN-JM4LHDQ2NK', 'LN-K9NS6C7C66', 'LN-ZR5FAR4Q6P', 'LN-8F4SKRYPMD', 'LN-8RGFNUWKGB', 'LN-VW6A7EELYZ', 'LN-8EEKA95E7E', 'LN-WN5HLX2UYC', 'LN-UQG5S3EK42', 'LN-RJZJNEWUH9', 'LN-R96L3CRGNH', 'LN-4FLYWSM4SQ', 'LN-YK2SRMT6GH']",[],,,False,True,metrics just under unit cap and 24h
S13,pos_mismatch,A,PRV-52P4GQD2DS,[],['LN-52CH6G3KXJ'],[],,,False,True,
S14,sex_implausible,A,PRV-52P4GQD2DS,[],['LN-YEJQQZ3KQT'],['MBR-79KLVNZGFB'],,,False,True,
S15,weekend_mill,A,PRV-52P4GQD2DS,[],"['LN-ZGC9HA8ZGF', 'LN-YK7N5MVYR2', 'LN-NR5DN4UMP8', 'LN-YFQ8ZEUGKF', 'LN-KBUX8793KS', 'LN-2G454L5NC4', 'LN-UTM5Q9YHDU', 'LN-9QDPG64YS6']",[],,,False,True,
S16,mileage_padding,A,PRV-AEV55VW98C,[],['LN-G9J3GCJQTZ'],[],,,False,True,urban trip billed 180 miles
S17,referral_monopoly,A,PRV-FYQT8W8H8G,"['PRV-52P4GQD2DS', 'PRV-FYQT8W8H8G']",[],[],,,False,True,
S18,clone_billing,A,PRV-52P4GQD2DS,[],"['LN-3MLXLQPAUE', 'LN-G43SS425XG', 'LN-CH3LTXKRYZ', 'LN-RW3RP8UT3U', 'LN-FBEZDZPMXX', 'LN-ZMTJP5R8QM', 'LN-S9GVNC9W4Z', 'LN-GHU6UD7PG7', 'LN-QCK4WFD26A', 'LN-EKM5ADNDQ5', 'LN-4ANEQ3M5BD', 'LN-9XZ337VH76']",[],,,False,True,
S19,stay_compression,A,PRV-GZWKQRABYX,[],['LN-AP86G88ZP7'],[],,,False,True,"Schrupp 2024 analogue: high DRG, same-day discharge"
S20,dx_order_swap,A,PRV-52P4GQD2DS,[],['LN-QHE8MA763B'],[],,,False,True,Schrupp ICD-order analogue using synthetic dx
S21,genetic_mill,A,PRV-DLK2K6289C,[],"['LN-9LP22W3P85', 'LN-Z7NZDCJPVN', 'LN-V4BXBLT2VB', 'LN-95P95833PK', 'LN-CKX63BDMJC', 'LN-GQR987ZB2W', 'LN-E3PFLN2PJZ', 'LN-YG378VG36Y', 'LN-ETHRCWU5U6', 'LN-EW683ESRD4', 'LN-T7PUG9BS3S', 'LN-AGXH246EDP', 'LN-VQ9WRA2LV2', 'LN-22X68CQBQD', 'LN-JYHEBYSSVQ', 'LN-NH3ETJY4CC', 'LN-BSPBYKVGD4', 'LN-63H8XR599L', 'LN-KV5KPW2YYT', 'LN-W5HZJRQJWF', 'LN-CN9SFF7WMU', 'LN-496KESF8ZR']","['MBR-FR9SUZRQYE', 'MBR-6RGUUNWJV3', 'MBR-VPC7RKBDT2', 'MBR-26AVMXYZBB', 'MBR-2NR27KXVV3', 'MBR-8QYV5748M9', 'MBR-XPGBTT2ECZ', 'MBR-Q56D234924', 'MBR-LSWYAWLX8N', 'MBR-26AVMXYZBB', 'MBR-LYUPA4MC8N', 'MBR-QN2SK6VX4D', 'MBR-EL4SD7SMBU', 'MBR-B9S4DFFU5V', 'MBR-DEXWGDJEY6', 'MBR-QFQ7K875L3', 'MBR-7XEPY4R5EL', 'MBR-9PQ5QXMXV9', 'MBR-FYPQ73DHJX', 'MBR-6KDHMRRDDG', 'MBR-79KLVNZGFB', 'MBR-GQPNSUNUD8']",,,False,True,"OIG genetic-testing scam analogue: high-cost panels, many members, short window"
HN1,hard_negative,A,PRV-CYX8UDJJ75,[],"['LN-PUCSH9V9WV', 'LN-BCLGNRLD73', 'LN-WWNZNZLC4A', 'LN-34W3KKVLLE', 'LN-PZ77WVYYZJ', 'LN-BAB9RCPC7Z', 'LN-MDGJMXJ28K', 'LN-XZLA79UN9S', 'LN-8S4UC6JTGP', 'LN-MKPHF3WLAC', 'LN-9RVTKPBBDY', 'LN-DCLT4BU8GV', 'LN-5HRRUCWTSV', 'LN-4EKYYVY9C3', 'LN-Q56N9PVMCQ', 'LN-JD856JH4BW', 'LN-FUUEENDL4K', 'LN-BZLGUJLYNT', 'LN-8XDS4E7J6D', 'LN-HX96JJ5GWR', 'LN-7FVEUL9GNG', 'LN-DDUG4JSJAT', 'LN-WZN9W8XXCN', 'LN-5TJWJXZAPN', 'LN-NQAFH38MBH', 'LN-NBXG6ZR9C2', 'LN-978QC5LPPY', 'LN-6KW8X26MM6', 'LN-MUCEQQ6SS2', 'LN-NPLZPYNU7Y', 'LN-84KMR6YCPJ', 'LN-D3N96ZY3BW', 'LN-YEJ48CDFSL', 'LN-8EMCA9JUNS', 'LN-TNJPQEGU8N', 'LN-23Z3GDSQLK']",[],,,False,False,high-volume established-patient level 3; not upcoding
HN2,hard_negative,A,PRV-DLK2K6289C,[],"['LN-RYRRFUH3TM', 'LN-8P8GENQ7GF']",[],,,False,False,PTP indicator-1 pair billed together is allowed
