member_id,facility_id,admit,discharge
MBR-UQYW382EA8,FAC-HG5AVAWJLS,2024-01-01,2024-01-04
MBR-LKW3FJD9YF,FAC-HG5AVAWJLS,2024-02-27,2024-03-03
MBR-BL5PTDN9TA,FAC-HG5AVAWJLS,2024-04-06,2024-04-13
MBR-EL4SD7SMBU,FAC-FZ5P22Z29H,2024-07-16,2024-07-20
MBR-S7Z8C8UNTB,FAC-HG5AVAWJLS,2024-03-23,2024-03-25
MBR-UTSSCND564,FAC-FZ5P22Z29H,2024-05-15,2024-05-22
MBR-279EELY74M,FAC-HG5AVAWJLS,2024-08-11,2024-08-13
MBR-TEMED367ZE,FAC-FZ5P22Z29H,2024-01-30,2024-02-05
MBR-B9S4DFFU5V,FAC-HG5AVAWJLS,2024-08-20,2024-08-26
MBR-79KLVNZGFB,FAC-HG5AVAWJLS,2024-06-28,2024-07-02
MBR-KXFLG7CTRT,FAC-FZ5P22Z29H,2024-05-15,2024-05-21
MBR-9NLNH78NEA,FAC-HG5AVAWJLS,2024-04-26,2024-05-01
MBR-ETZVH7W6AB,FAC-HG5AVAWJLS,2024-05-05,2024-05-08
MBR-ANBZTECZG4,FAC-HG5AVAWJLS,2024-08-22,2024-08-26
MBR-QBR4HDNJC7,FAC-FZ5P22Z29H,2024-06-23,2024-06-29
MBR-6SBLF43NN5,FAC-HG5AVAWJLS,2024-05-13,2024-05-19
MBR-GQPNSUNUD8,FAC-HG5AVAWJLS,2024-08-14,2024-08-16
MBR-4LB87BN7MV,FAC-FZ5P22Z29H,2024-03-04,2024-03-11
MBR-PSVVP9RXXN,FAC-FZ5P22Z29H,2024-02-16,2024-02-19
MBR-HGL5QVCM22,FAC-FZ5P22Z29H,2024-07-07,2024-07-14
MBR-BDY6GKJ6LW,FAC-HG5AVAWJLS,2024-07-21,2024-07-24
MBR-Q56D234924,FAC-HG5AVAWJLS,2024-01-02,2024-01-05
MBR-23FN74V9L5,FAC-FZ5P22Z29H,2024-04-04,2024-04-06
MBR-VK3KCQ836K,FAC-FZ5P22Z29H,2024-03-12,2024-03-16
MBR-B8UH9BQB22,FAC-FZ5P22Z29H,2024-01-01,2024-01-03
MBR-KQZHQZB89K,FAC-HG5AVAWJLS,2024-05-21,2024-05-28
MBR-ECH5HLTRCG,FAC-FZ5P22Z29H,2024-04-19,2024-04-21
MBR-4C2VNKWGF5,FAC-FZ5P22Z29H,2024-02-08,2024-02-11
MBR-Y4DRB8SKCE,FAC-HG5AVAWJLS,2024-06-08,2024-06-15
MBR-JJNSJXSGYB,FAC-HG5AVAWJLS,2024-08-16,2024-08-22
MBR-JJNSJXSGYB,FAC-FZ5P22Z29H,2024-03-31,2024-04-04
MBR-ZL5Q6EFMAR,FAC-FZ5P22Z29H,2024-01-19,2024-01-23
MBR-BZNAEFCCUH,FAC-FZ5P22Z29H,2024-04-06,2024-04-08
MBR-W33FF9PGW5,FAC-HG5AVAWJLS,2024-07-09,2024-07-15
MBR-5Y93Z8WGHW,FAC-HG5AVAWJLS,2024-02-12,2024-02-19
MBR-EKUMPKKR4M,FAC-FZ5P22Z29H,2024-06-09,2024-06-15
MBR-2NR27KXVV3,FAC-HG5AVAWJLS,2024-04-07,2024-04-09
MBR-XPGBTT2ECZ,FAC-HG5AVAWJLS,2024-07-27,2024-08-02
MBR-PSVVP9RXXN,FAC-FZ5P22Z29H,2024-01-14,2024-01-18
MBR-BUL4LEDKWE,FAC-HG5AVAWJLS,2024-06-23,2024-06-26
MBR-EFTCWLP65R,FAC-FZ5P22Z29H,2024-02-04,2024-02-11
MBR-U8Q725GQ72,FAC-FZ5P22Z29H,2024-05-23,2024-05-28
MBR-69CJDM2UQG,FAC-HG5AVAWJLS,2024-05-01,2024-05-05
MBR-ETZVH7W6AB,FAC-HG5AVAWJLS,2024-06-17,2024-06-19
MBR-EFTCWLP65R,FAC-FZ5P22Z29H,2024-07-02,2024-07-08
MBR-Y6AVHN8W6G,FAC-HG5AVAWJLS,2024-03-05,2024-03-11
MBR-B8UH9BQB22,FAC-FZ5P22Z29H,2024-04-18,2024-04-22
MBR-R5AEQFFAJ2,FAC-FZ5P22Z29H,2024-06-13,2024-06-17
MBR-TJZA2TZN6S,FAC-FZ5P22Z29H,2024-02-11,2024-02-13
MBR-7FN4J7TSLE,FAC-FZ5P22Z29H,2024-05-07,2024-05-11
MBR-ANBZTECZG4,FAC-FZ5P22Z29H,2024-01-18,2024-01-24
MBR-Q9XVDUN4EG,FAC-FZ5P22Z29H,2024-08-27,2024-09-03
MBR-BUL4LEDKWE,FAC-FZ5P22Z29H,2024-08-02,2024-08-07
MBR-R5AEQFFAJ2,FAC-HG5AVAWJLS,2024-04-19,2024-04-26
MBR-4VB4MXWWPN,FAC-HG5AVAWJLS,2024-07-21,2024-07-25
MBR-7XEPY4R5EL,FAC-FZ5P22Z29H,2024-02-17,2024-02-20
MBR-26AVMXYZBB,FAC-HG5AVAWJLS,2024-07-31,2024-08-06
MBR-Y6AVHN8W6G,FAC-HG5AVAWJLS,2024-08-17,2024-08-19
MBR-LUWMQY57KY,FAC-HG5AVAWJLS,2024-01-17,2024-01-21
MBR-DJLLB54X78,FAC-HG5AVAWJLS,2024-05-07,2024-05-14
MBR-4MXTKGTLSY,FAC-FZ5P22Z29H,2024-06-07,2024-06-11
MBR-63JAR5TFRQ,FAC-FZ5P22Z29H,2024-01-06,2024-01-08
MBR-7XEPY4R5EL,FAC-FZ5P22Z29H,2024-07-17,2024-07-22
MBR-ECH5HLTRCG,FAC-FZ5P22Z29H,2024-08-14,2024-08-21
MBR-9NLNH78NEA,FAC-FZ5P22Z29H,2024-04-03,2024-04-06
MBR-B8UH9BQB22,FAC-HG5AVAWJLS,2024-03-17,2024-03-23
MBR-GQPNSUNUD8,FAC-FZ5P22Z29H,2024-03-20,2024-03-26
MBR-SYWRT9N83F,FAC-HG5AVAWJLS,2024-03-13,2024-03-20
MBR-23FN74V9L5,FAC-FZ5P22Z29H,2024-07-15,2024-07-21
MBR-KXFLG7CTRT,FAC-HG5AVAWJLS,2024-03-01,2024-03-06
MBR-Y46Z4D77Y3,FAC-FZ5P22Z29H,2024-06-29,2024-07-05
MBR-3DKU3QY3W4,FAC-HG5AVAWJLS,2024-02-29,2024-03-07
MBR-4PAPY9GKRR,FAC-HG5AVAWJLS,2024-07-18,2024-07-21
MBR-UTSSCND564,FAC-HG5AVAWJLS,2024-07-17,2024-07-24
MBR-PETFJK9QT7,FAC-HG5AVAWJLS,2024-03-11,2024-03-15
MBR-XMN8XNZMG2,FAC-HG5AVAWJLS,2024-01-02,2024-01-04
MBR-S7Z8C8UNTB,FAC-HG5AVAWJLS,2024-05-14,2024-05-18
MBR-V2LNSJANZJ,FAC-FZ5P22Z29H,2024-01-30,2024-02-01
MBR-8QYV5748M9,FAC-HG5AVAWJLS,2024-06-04,2024-06-08
MBR-FVQXNKE82Q,FAC-HG5AVAWJLS,2024-04-21,2024-04-23
MBR-NP25PG6T7N,FAC-FZ5P22Z29H,2024-08-08,2024-08-14
MBR-3ULHAGK6SG,FAC-HG5AVAWJLS,2024-01-15,2024-01-18
MBR-4EXUHMWNNJ,FAC-HG5AVAWJLS,2024-05-31,2024-06-05
MBR-ECH5HLTRCG,FAC-FZ5P22Z29H,2024-07-14,2024-07-16
MBR-59N7KMSMAY,FAC-HG5AVAWJLS,2024-04-12,2024-04-19
MBR-BDY6GKJ6LW,FAC-HG5AVAWJLS,2024-06-06,2024-06-10
MBR-UC38TQGQU2,FAC-HG5AVAWJLS,2024-06-25,2024-06-27
MBR-Y6AVHN8W6G,FAC-HG5AVAWJLS,2024-08-03,2024-08-10
MBR-V9VF74MPX3,FAC-FZ5P22Z29H,2024-04-03,2024-04-10
MBR-FZQYV4SKXX,FAC-HG5AVAWJLS,2024-06-23,2024-06-26
MBR-8QYV5748M9,FAC-FZ5P22Z29H,2024-02-09,2024-02-16
MBR-UC38TQGQU2,FAC-HG5AVAWJLS,2024-02-24,2024-03-02
MBR-ECH5HLTRCG,FAC-FZ5P22Z29H,2024-04-16,2024-04-19
MBR-BDY6GKJ6LW,FAC-FZ5P22Z29H,2024-05-03,2024-05-10
MBR-YYH7PZ5M5C,FAC-FZ5P22Z29H,2024-08-19,2024-08-26
MBR-ZQX5ZKU3UK,FAC-FZ5P22Z29H,2024-07-16,2024-07-20
MBR-TJZA2TZN6S,FAC-FZ5P22Z29H,2024-01-15,2024-01-21
MBR-2NR27KXVV3,FAC-FZ5P22Z29H,2024-06-25,2024-06-28
MBR-TJZA2TZN6S,FAC-FZ5P22Z29H,2024-01-09,2024-01-14
MBR-26AVMXYZBB,FAC-FZ5P22Z29H,2024-07-07,2024-07-13
MBR-4MXTKGTLSY,FAC-FZ5P22Z29H,2024-01-08,2024-01-15
MBR-NP25PG6T7N,FAC-FZ5P22Z29H,2024-02-24,2024-02-28
MBR-FR9SUZRQYE,FAC-HG5AVAWJLS,2024-03-28,2024-03-30
MBR-BDY6GKJ6LW,FAC-HG5AVAWJLS,2024-02-21,2024-02-24
MBR-6RGUUNWJV3,FAC-FZ5P22Z29H,2024-01-27,2024-01-29
MBR-KSC4HVJFFY,FAC-HG5AVAWJLS,2024-04-20,2024-04-20
