location_id,address_norm,zip,lat,lon,type,capacity
LOC-8WX6U24HBK,60181 AGUILAR PARKWAYS APT. 016,55311,41.36198100856636,-87.91048982238523,hospital,43.0
LOC-E3DQ4KLJZJ,18609 STACEY ROADS,82739,37.50568675294382,-79.42267959771479,ambulance_base,
LOC-TS933YVL9Q,960 BRANDON WALKS,17956,34.9419083047206,-77.58682672735847,pharmacy,
LOC-DBQBES9Q37,2819 CASTRO SPRINGS APT. 199,84244,39.16303629041909,-79.26000000780826,hospital,27.0
LOC-NH9ADG9Y6G,1819 CHRISTINE PARKS,89682,36.82582679541986,-87.93651788511471,lab,
LOC-4XETJ86FS8,7975 WRIGHT FALLS APT. 194,69339,39.25745450248274,-75.38989389484843,pharmacy,
LOC-RCHTZSV5XM,7491 WILLIAM EXPRESSWAY SUITE 276,05639,38.88365660486492,-86.99272208012644,ambulance_base,
LOC-NVLHEN4NNU,955 WHEELER PRAIRIE,60296,38.80992523709549,-77.71404368489253,pharmacy,
LOC-QWTX8ETQMH,47104 MITCHELL LIGHTS,88142,37.122484682935834,-86.35603040316032,residence,
LOC-88GAXAKR5C,75291 BROWN TRAFFICWAY SUITE 236,51743,34.68454234227475,-73.6337365451326,dme,
LOC-R8V68UJEUG,27684 LORI WAY SUITE 656,30746,41.85115116270072,-78.61044970965652,pharmacy,
LOC-FN69WUUBN9,22330 GUERRA FALLS,34939,35.6554029141366,-87.35302612624893,clinic,37.0
LOC-6UQ2TRLQ2B,26859 BENTON SPURS APT. 786,52676,36.84966745308684,-87.4840449954701,residence,
LOC-7DP8DXZPCS,1760 CARLOS FORDS SUITE 215,79239,41.35528287708297,-82.14841866106755,clinic,12.0
LOC-JX5M6SS237,09281 AUSTIN CLIFFS,27757,34.85956050269134,-72.13187033077372,pharmacy,
LOC-AU2Z3WE5P5,45957 DARRELL OVAL SUITE 774,11758,33.628440707161495,-77.31614688627306,dme,
LOC-R38SCZHHGG,54728 JAMIE PINES,47916,36.768142554953165,-84.95009753135851,ambulance_base,
LOC-MK85U9LEJC,808 GOOD WAY,12429,37.50030388682402,-71.33328923502998,dme,
