member_id,name,dob,sex,county,location_id,risk_tier,date_of_death
MBR-MPY7DCHPFS,Debbie Richardson,1957-07-16,M,West Kelsey,LOC-R8V68UJEUG,3,2024-02-20
MBR-79KLVNZGFB,Peggy Rivera,1957-12-19,F,New Lisa,LOC-6UQ2TRLQ2B,2,
MBR-FVQXNKE82Q,Dr. Renee Cardenas,1957-03-17,M,East Zachary,LOC-TS933YVL9Q,1,
MBR-Y46Z4D77Y3,Allen Johnson,1996-08-20,M,Thomasborough,LOC-E3DQ4KLJZJ,3,
MBR-BJJYH8G9UH,Tina West,1946-11-09,M,Stephaniestad,LOC-MK85U9LEJC,1,
MBR-85TW3PXGVH,Brian Harrison,1996-02-19,M,Jamestown,LOC-R8V68UJEUG,1,
MBR-BUL4LEDKWE,Matthew Marsh,2018-03-22,M,Port Donnafurt,LOC-8WX6U24HBK,4,
MBR-6RGUUNWJV3,Nicole Woods,1957-06-22,F,South Kristina,LOC-7DP8DXZPCS,1,
MBR-ZL5Q6EFMAR,Robert Bonilla,1979-11-23,M,Fordland,LOC-E3DQ4KLJZJ,3,
MBR-Q9XVDUN4EG,Carolyn Martinez,1979-08-26,F,New Rebecca,LOC-AU2Z3WE5P5,3,
MBR-HGL5QVCM22,Brianna Serrano,1996-04-11,M,Sandovalstad,LOC-6UQ2TRLQ2B,3,
MBR-EWCZ7ZJ4K2,Joshua Smith,2018-03-21,F,New Karaberg,LOC-AU2Z3WE5P5,4,
MBR-YQDXZC2T45,Shane Mckenzie,1996-01-12,M,North Johnathan,LOC-4XETJ86FS8,3,
MBR-JZTGZW6TE6,David Willis,2018-03-15,F,Amyberg,LOC-4XETJ86FS8,1,
MBR-4C2VNKWGF5,Patrick Hurst,1979-02-20,M,Wilcoxhaven,LOC-JX5M6SS237,4,
MBR-BL5PTDN9TA,Christian Dixon,1957-03-13,M,Franktown,LOC-QWTX8ETQMH,3,
MBR-279EELY74M,Brittany Thomas,1957-04-25,F,New Bryanhaven,LOC-8WX6U24HBK,4,
MBR-U8Q725GQ72,Karen Frank,2010-09-27,F,East Jameston,LOC-88GAXAKR5C,1,
MBR-KQZHQZB89K,Katie Hoffman,2018-04-13,M,South Markhaven,LOC-NVLHEN4NNU,4,
MBR-B9S4DFFU5V,Christina Ramirez,1996-01-11,M,Romerobury,LOC-NVLHEN4NNU,2,
MBR-SYWRT9N83F,Sherri Dunlap,1979-11-08,F,Sandraborough,LOC-JX5M6SS237,4,
MBR-HX94GZSQRT,Breanna Martinez,2010-05-04,F,Stewartbury,LOC-NH9ADG9Y6G,4,
MBR-Q56D234924,Daniel Turner,1996-05-17,F,Port Ericstad,LOC-R38SCZHHGG,3,
MBR-23FN74V9L5,Stephen Ponce,1957-12-20,M,Lake Stephanie,LOC-E3DQ4KLJZJ,4,
MBR-3DKU3QY3W4,John Fritz,1979-04-03,F,East Jasmine,LOC-NVLHEN4NNU,4,
MBR-XPGBTT2ECZ,Jennifer Fisher MD,1979-01-19,F,Lake Michaelmouth,LOC-QWTX8ETQMH,3,
MBR-S7Z8C8UNTB,Jessica Smith,1946-10-13,F,Zacharyport,LOC-88GAXAKR5C,4,
MBR-3ULHAGK6SG,Amy Galloway,1979-02-18,F,North Christopher,LOC-MK85U9LEJC,3,
MBR-4VB4MXWWPN,Taylor White,1957-06-03,M,Port Robert,LOC-88GAXAKR5C,1,
MBR-6SBLF43NN5,Sabrina Green,1957-07-25,F,New Samantha,LOC-RCHTZSV5XM,1,
MBR-KURT4X2XJU,Melody Davis,1957-10-25,F,Port Haleychester,LOC-8WX6U24HBK,2,
MBR-SMLQ7MHU28,Debra Smith,1996-06-18,F,Port Jorgebury,LOC-4XETJ86FS8,2,
MBR-ECH5HLTRCG,Scott Chavez,1996-11-09,F,Virginiachester,LOC-AU2Z3WE5P5,4,
MBR-4MXTKGTLSY,Debra Anderson,1957-06-05,M,North Tanya,LOC-QWTX8ETQMH,4,
MBR-4EXUHMWNNJ,Christopher Randolph,1957-10-17,F,Amandaborough,LOC-88GAXAKR5C,3,
MBR-8MK5KHJNCW,Jonathan Thompson,1979-03-15,F,Lindaview,LOC-E3DQ4KLJZJ,2,
MBR-2NR27KXVV3,Albert Wagner,1957-10-06,M,New Thomas,LOC-JX5M6SS237,4,
MBR-ENQHWRE4EM,Ashley Fuentes,1996-03-07,M,Douglasside,LOC-E3DQ4KLJZJ,1,
MBR-R5AEQFFAJ2,Jenna Hunter,1946-03-01,F,East Matthew,LOC-MK85U9LEJC,4,
MBR-FV7G6UXLBA,Michelle Fields,1979-02-11,F,Mayoton,LOC-6UQ2TRLQ2B,3,
MBR-DJLLB54X78,Alexis Garrett,1957-12-06,M,Ryanton,LOC-TS933YVL9Q,4,
MBR-V2LNSJANZJ,Ryan Harrell,1979-10-19,M,Carolport,LOC-R38SCZHHGG,3,
MBR-PETFJK9QT7,Cody Adams,1957-12-21,F,West Michaelmouth,LOC-88GAXAKR5C,1,
MBR-5C38HCEB3B,Kimberly Sanchez,1957-04-11,M,Jefferyburgh,LOC-MK85U9LEJC,3,
MBR-EL4SD7SMBU,James Wells,1996-10-26,F,East William,LOC-NVLHEN4NNU,3,
MBR-LUWMQY57KY,Dennis Davis,2010-03-08,M,Willisfurt,LOC-R38SCZHHGG,4,
MBR-NDAL8TYHG6,Eric Hall,1957-03-11,M,Lake Patricia,LOC-TS933YVL9Q,3,
MBR-KSC4HVJFFY,Linda Duran,1979-01-24,F,Hernandezberg,LOC-R8V68UJEUG,1,
MBR-UTSSCND564,Russell Mcclain,1996-05-20,F,Grosshaven,LOC-E3DQ4KLJZJ,2,
MBR-ARSHMU22CN,Joseph Gordon,2018-11-17,M,Port Glendabury,LOC-8WX6U24HBK,2,
MBR-BZNAEFCCUH,Andrew Walsh,1979-12-13,M,South Maryside,LOC-NVLHEN4NNU,4,
MBR-UC38TQGQU2,Albert Schmidt,1979-10-09,M,South Joseph,LOC-7DP8DXZPCS,2,
MBR-ZLNPJ2MYTP,Benjamin Randolph,1979-11-23,F,Lake Aliciafort,LOC-AU2Z3WE5P5,3,
MBR-NHZFV5F7YB,Benjamin Baker,2010-10-23,M,East Jodi,LOC-TS933YVL9Q,3,
MBR-FR9SUZRQYE,Kathleen Reyes,1979-04-14,F,Lozanoport,LOC-R38SCZHHGG,4,
MBR-63JAR5TFRQ,Lisa Day,1957-05-23,M,New Dylanview,LOC-TS933YVL9Q,3,
MBR-E5G8EVQHMP,Melissa Howell,1996-08-14,F,North Timothy,LOC-MK85U9LEJC,3,
MBR-NP25PG6T7N,Dr. Brett Robinson,2018-04-09,F,Carterhaven,LOC-DBQBES9Q37,2,
MBR-7XEPY4R5EL,John Wang,1996-06-04,M,West Tiffany,LOC-JX5M6SS237,4,
MBR-4LB87BN7MV,Alicia Stevens,2010-02-25,M,Mcknightfurt,LOC-MK85U9LEJC,4,
MBR-V9VF74MPX3,Tony Clark,1979-01-23,M,East Julieview,LOC-R8V68UJEUG,3,
MBR-XMN8XNZMG2,Brandi Wilkins,1996-11-06,M,Oliviastad,LOC-QWTX8ETQMH,1,
MBR-P42BUQXM3S,Steven Tucker,1996-06-04,F,East Adamfort,LOC-88GAXAKR5C,1,
MBR-LKW3FJD9YF,Jennifer Acosta,1996-06-09,F,Coopermouth,LOC-QWTX8ETQMH,4,
MBR-JXM5V2U2EH,Gary Nguyen,1979-08-01,F,Maryville,LOC-R38SCZHHGG,3,
MBR-9VKQVB9R83,Christina Smith,1946-04-06,F,Jonland,LOC-DBQBES9Q37,1,
MBR-ANBZTECZG4,Zachary Lawrence,1979-04-19,M,Saraview,LOC-R38SCZHHGG,2,
MBR-Y6AVHN8W6G,Diana Williams,2018-03-26,F,Cynthiaberg,LOC-R8V68UJEUG,3,
MBR-DEXWGDJEY6,Derek Dixon,1996-06-01,F,Port Nathaniel,LOC-MK85U9LEJC,2,
MBR-XVAD9JHUZ8,Stacey Cain,2010-05-18,F,Gentryside,LOC-JX5M6SS237,3,
MBR-AEENY3383J,Michelle Williams,1979-10-06,M,Hayesberg,LOC-88GAXAKR5C,2,
MBR-59N7KMSMAY,Donna Williams,2018-03-23,F,East Thomas,LOC-R38SCZHHGG,2,
MBR-L3J58QSDDG,Edward Stevenson,1957-09-14,F,Richardbury,LOC-MK85U9LEJC,1,
MBR-P78M8HDWEL,Justin Foster,1979-09-02,M,Lake Evan,LOC-FN69WUUBN9,2,
MBR-4PAPY9GKRR,Taylor Crawford,1979-12-20,M,South Rebecca,LOC-NVLHEN4NNU,4,
MBR-TJZA2TZN6S,Joanna Taylor MD,2018-05-12,M,East Matthewland,LOC-MK85U9LEJC,4,
MBR-ZQX5ZKU3UK,Jacob Pacheco,1996-04-14,M,North Kara,LOC-R38SCZHHGG,4,
MBR-YTRN8M4CTJ,Jason Warren,1979-09-06,F,Nelsonton,LOC-R38SCZHHGG,2,
MBR-W33FF9PGW5,Mr. Ian Mcdaniel MD,1979-08-02,F,North Joseph,LOC-MK85U9LEJC,2,
MBR-TEMED367ZE,James Griffin,1979-11-17,M,Melindatown,LOC-DBQBES9Q37,4,
MBR-DPYG8XMK2N,Jeffery Gallagher,2010-01-27,F,Donaldsonfort,LOC-DBQBES9Q37,4,
MBR-QN2SK6VX4D,James Mcintosh,1996-06-12,M,Comptonbury,LOC-6UQ2TRLQ2B,4,
MBR-KXFLG7CTRT,Courtney Hernandez,2018-02-19,M,Port Jennifermouth,LOC-88GAXAKR5C,3,
MBR-EFTCWLP65R,Ricardo Smith,2010-10-22,F,East Ashley,LOC-QWTX8ETQMH,2,
MBR-J39SZ2P3P6,Miguel Rivers,2010-09-16,F,Allisonchester,LOC-JX5M6SS237,4,
MBR-QFQ7K875L3,Ashley Jones,1979-07-20,F,South Jose,LOC-FN69WUUBN9,3,
MBR-VPC7RKBDT2,April Medina,1946-11-26,F,Ramirezmouth,LOC-NVLHEN4NNU,1,
MBR-LYUPA4MC8N,Stacey Alvarez,1996-11-17,F,New John,LOC-R38SCZHHGG,1,
MBR-69CJDM2UQG,Michele Parker,1979-04-08,M,East Tyronechester,LOC-4XETJ86FS8,1,
MBR-B8UH9BQB22,Darren Coleman,1996-09-15,F,Jeremyton,LOC-R8V68UJEUG,1,
MBR-BDY6GKJ6LW,Michelle Cox,1979-07-24,M,Gonzalezport,LOC-QWTX8ETQMH,3,
MBR-4KTNS62BW2,Kathy Harris,1946-11-01,M,West Katie,LOC-AU2Z3WE5P5,2,
MBR-GQPNSUNUD8,John Baker,1979-05-24,F,Danielfort,LOC-MK85U9LEJC,3,
MBR-Y4DRB8SKCE,Stephanie Washington,1979-05-24,F,New Dustinfurt,LOC-AU2Z3WE5P5,2,
MBR-VK3KCQ836K,Alexander Carlson,1957-10-03,F,Williamston,LOC-88GAXAKR5C,2,
MBR-H5PBWV7T3H,Jerry Joseph,1946-09-13,F,Jessicaland,LOC-7DP8DXZPCS,1,
MBR-7FN4J7TSLE,Erin Lopez,1979-10-27,F,Johnsonfurt,LOC-RCHTZSV5XM,4,
MBR-6R667HJXAJ,Victoria Ramos,1996-09-03,F,North Christianland,LOC-JX5M6SS237,2,
MBR-8QYV5748M9,Tyler Martinez,1957-07-02,M,South Michael,LOC-FN69WUUBN9,1,
MBR-S483KN937H,Samantha Reynolds,2010-09-11,M,Lake Thomasstad,LOC-8WX6U24HBK,2,
MBR-26AVMXYZBB,Jill Morris,2010-01-25,F,Johnsonchester,LOC-MK85U9LEJC,4,
MBR-4VYBTHF64D,Mario Sullivan,2018-02-05,F,Johnsonland,LOC-88GAXAKR5C,4,
MBR-YYH7PZ5M5C,Amy Lee,1946-07-21,F,New Matthewview,LOC-DBQBES9Q37,2,
MBR-PSVVP9RXXN,Troy Williams,2018-09-12,M,Sandraport,LOC-7DP8DXZPCS,3,
MBR-KH7EQQUK24,Perry Hendricks,1979-09-21,F,North Margaretville,LOC-RCHTZSV5XM,2,
MBR-UQYW382EA8,Tyler Finley,1979-11-05,F,Clarkechester,LOC-R38SCZHHGG,4,
MBR-JJNSJXSGYB,Brandi Crawford,1979-08-11,M,Port Sarahport,LOC-AU2Z3WE5P5,4,
MBR-LJX3UFVHQR,Patricia Lawson,1979-10-07,M,Michellemouth,LOC-MK85U9LEJC,1,
MBR-ETZVH7W6AB,Richard Miller,1979-02-21,M,South Karen,LOC-MK85U9LEJC,1,
MBR-LSWYAWLX8N,Austin Johnson,1957-10-13,F,Eugenechester,LOC-RCHTZSV5XM,1,
MBR-QBR4HDNJC7,Victoria Baker,1979-09-01,F,East Colefort,LOC-88GAXAKR5C,3,
MBR-6KDHMRRDDG,Valerie Thompson MD,1996-01-03,M,Oliverbury,LOC-NH9ADG9Y6G,2,
MBR-EKUMPKKR4M,Sarah Beck,1957-05-27,F,Port Maryport,LOC-FN69WUUBN9,3,
MBR-5Y93Z8WGHW,Derek King,1996-02-23,F,Jamesbury,LOC-NH9ADG9Y6G,2,
MBR-FYPQ73DHJX,David Campbell,1946-12-09,M,West Calvin,LOC-88GAXAKR5C,2,
MBR-UCEQYHF3V4,David Fox,1996-09-06,F,Lake Steventon,LOC-NVLHEN4NNU,1,
MBR-FZQYV4SKXX,John Fuentes,1979-12-15,M,Rochaton,LOC-DBQBES9Q37,2,
MBR-9PQ5QXMXV9,Crystal Williams,1996-07-23,F,North Nathan,LOC-TS933YVL9Q,2,
MBR-N22Z5YSZ3U,Joann Green,2010-03-01,F,North Danastad,LOC-88GAXAKR5C,2,
MBR-9NLNH78NEA,Jacob Thomas,1979-09-06,F,West Benjamin,LOC-4XETJ86FS8,4,
