owner_id,kind,name,dob
OWN-6BPZZYEEPS,person,Robert Gordon,1966-06-15
OWN-ZK4HUMUJSJ,person,Amanda Anderson,1982-06-15
OWN-TYSZ2Q4D8Q,org,"Edwards, Le and Miller",
OWN-8YBLKU9JF2,person,Stephanie Delgado,1980-06-15
OWN-6NXS4ZTRZS,org,Johnson Inc,
OWN-MV972KRFM8,person,Monique Briggs MD,1962-06-15
OWN-LEU5DYBY64,person,Mrs. Tina Moon,1963-06-15
OWN-G6UXJZHFDE,org,Parks Ltd,
OWN-58FH2PQKF4,org,Jones LLC,
OWN-TQYUR6M5HP,person,Darlene Nguyen,1968-06-15
OWN-FXPYEZURN9,org,"Hill, Ochoa and Thomas",
OWN-PDBSQD6GN2,person,Tamara Clark,1980-06-15
OWN-9FAAXMZ5ZN,person,Jonathan Flores,1981-06-15
OWN-ELW34DCRHD,org,Gonzalez Group,
OWN-DKK9AB4ZPK,person,Timothy Frazier,1976-06-15
OWN-HK7USTWUYH,person,Caroline Glover,1984-06-15
OWN-Y2BTVFS938,org,Tate Inc,
OWN-WYKLJYG2K4,person,Heather Salas,1960-06-15
OWN-FG5ZAQF622,person,Lauren Khan,1966-06-15
OWN-GYGN6ZQKPE,person,Willie Soto,1963-06-15
OWN-RGQXCMF6ZF,person,Chad Zuniga,1972-04-04
OWN-M6DCDKUCXS,person,Matthew Hart,1972-04-04
OWN-YP8QJR7MVR,person,Zachary Phillips,1965-03-12
