owner_id,provider_id,pct,start,end
OWN-GYGN6ZQKPE,PRV-52P4GQD2DS,60.0,2022-10-02,
OWN-MV972KRFM8,PRV-GZWKQRABYX,25.0,2022-03-28,
OWN-MV972KRFM8,PRV-P8SZX5BYHL,60.0,2023-03-09,
OWN-8YBLKU9JF2,PRV-DLK2K6289C,40.0,2023-03-04,
OWN-6NXS4ZTRZS,PRV-AEV55VW98C,25.0,2022-11-04,
OWN-58FH2PQKF4,PRV-9HWCXGYGRP,40.0,2022-11-30,
OWN-G6UXJZHFDE,PRV-5AE63K9XH5,100.0,2022-09-07,
OWN-G6UXJZHFDE,PRV-FYQT8W8H8G,40.0,2023-10-02,
OWN-6NXS4ZTRZS,PRV-HC5CWNTSHD,60.0,2023-10-16,
OWN-TYSZ2Q4D8Q,PRV-LEVZRZGE33,100.0,2022-05-26,
OWN-TYSZ2Q4D8Q,PRV-NNZAMXRZ52,25.0,2023-03-06,
OWN-HK7USTWUYH,PRV-TTYMZNZQCD,40.0,2023-05-12,
OWN-8YBLKU9JF2,PRV-KGZA99WKKT,60.0,2022-05-17,
OWN-6NXS4ZTRZS,PRV-YHCS7YKNYQ,25.0,2023-05-11,
OWN-58FH2PQKF4,PRV-R6UGAZC4XJ,25.0,2023-02-28,
OWN-FXPYEZURN9,PRV-KB3DDTGVSY,25.0,2023-01-05,
OWN-DKK9AB4ZPK,PRV-CYX8UDJJ75,60.0,2021-12-05,
OWN-MV972KRFM8,PRV-QJ8CAJLGGT,60.0,2022-03-29,
OWN-8YBLKU9JF2,PRV-Z84M5CG5BX,60.0,2023-06-17,
OWN-DKK9AB4ZPK,PRV-96KL4VD67A,60.0,2023-05-31,
OWN-9FAAXMZ5ZN,PRV-2RBJKMU8EL,100.0,2023-05-05,
OWN-G6UXJZHFDE,PRV-EGMCSQWZE2,100.0,2022-04-06,
OWN-6BPZZYEEPS,PRV-GQ36BNJZ2W,40.0,2023-11-30,
OWN-9FAAXMZ5ZN,PRV-4TYA4STMB7,40.0,2023-01-21,
OWN-Y2BTVFS938,PRV-DVP5UVKXMG,100.0,2022-10-29,
OWN-WYKLJYG2K4,PRV-HP4BWL7QC4,40.0,2022-10-01,
OWN-6NXS4ZTRZS,PRV-E2KQR2ZK3Q,100.0,2023-11-04,
OWN-MV972KRFM8,PRV-6LZYWNNT2J,40.0,2022-09-08,
OWN-9FAAXMZ5ZN,PRV-LJD3M755ZS,60.0,2022-05-04,
OWN-FG5ZAQF622,PRV-F63QP3FKES,60.0,2022-02-21,
OWN-WYKLJYG2K4,PRV-ZU6YL2HNHH,100.0,2023-01-01,
OWN-ELW34DCRHD,PRV-LVGM3QWE3V,100.0,2022-08-08,
OWN-8YBLKU9JF2,PRV-EWJD2QDPA6,100.0,2023-11-02,
OWN-FXPYEZURN9,PRV-H9LG5VAJ3J,100.0,2023-06-24,
OWN-WYKLJYG2K4,PRV-F2HS2XPZAV,60.0,2022-03-24,
OWN-9FAAXMZ5ZN,PRV-GG7BBL7G9L,100.0,2023-09-11,
OWN-RGQXCMF6ZF,PRV-4GHMRGCDAW,80.0,2024-01-01,
OWN-RGQXCMF6ZF,PRV-ZVARQVCWQQ,80.0,2024-01-01,
OWN-RGQXCMF6ZF,PRV-HUT9JJ4X7T,80.0,2024-01-01,
OWN-M6DCDKUCXS,PRV-M7GH4K66H3,80.0,2024-01-01,
OWN-M6DCDKUCXS,PRV-BFHL3Y49ZW,80.0,2024-01-01,
OWN-M6DCDKUCXS,PRV-RC658LCB76,80.0,2024-01-01,
OWN-YP8QJR7MVR,PRV-ETLZN7DU4U,100.0,2024-01-01,
OWN-YP8QJR7MVR,PRV-ND2J7LZBRF,100.0,2024-01-01,
OWN-YP8QJR7MVR,PRV-ACK8NC3876,100.0,2024-01-01,
OWN-YP8QJR7MVR,PRV-6FDZ2H9Z97,100.0,2024-01-01,
OWN-YP8QJR7MVR,PRV-DTZPX9JP99,100.0,2024-01-01,
