referring_id,receiving_id,member_id,date,kind
PRV-6LZYWNNT2J,PRV-NNZAMXRZ52,MBR-BUL4LEDKWE,2024-07-21,order
PRV-YHCS7YKNYQ,PRV-Z84M5CG5BX,MBR-BDY6GKJ6LW,2024-08-05,order
PRV-2RBJKMU8EL,PRV-R6UGAZC4XJ,MBR-6RGUUNWJV3,2024-01-08,referral
PRV-LVGM3QWE3V,PRV-LEVZRZGE33,MBR-Q56D234924,2024-06-17,prescription
PRV-NNZAMXRZ52,PRV-LVGM3QWE3V,MBR-UTSSCND564,2024-04-23,prescription
PRV-E2KQR2ZK3Q,PRV-ZU6YL2HNHH,MBR-NHZFV5F7YB,2024-05-22,referral
PRV-E2KQR2ZK3Q,PRV-GZWKQRABYX,MBR-85TW3PXGVH,2024-05-31,referral
PRV-P8SZX5BYHL,PRV-QJ8CAJLGGT,MBR-ANBZTECZG4,2024-01-29,order
PRV-KGZA99WKKT,PRV-F2HS2XPZAV,MBR-FVQXNKE82Q,2024-02-09,order
PRV-E2KQR2ZK3Q,PRV-AEV55VW98C,MBR-BL5PTDN9TA,2024-05-05,referral
PRV-GG7BBL7G9L,PRV-LJD3M755ZS,MBR-V2LNSJANZJ,2024-08-06,prescription
PRV-4TYA4STMB7,PRV-QJ8CAJLGGT,MBR-ETZVH7W6AB,2024-03-30,prescription
PRV-TTYMZNZQCD,PRV-5AE63K9XH5,MBR-V2LNSJANZJ,2024-03-15,prescription
PRV-DVP5UVKXMG,PRV-KB3DDTGVSY,MBR-6RGUUNWJV3,2024-03-11,referral
PRV-52P4GQD2DS,PRV-GQ36BNJZ2W,MBR-SMLQ7MHU28,2024-07-14,prescription
PRV-52P4GQD2DS,PRV-GG7BBL7G9L,MBR-8MK5KHJNCW,2024-03-22,order
PRV-6LZYWNNT2J,PRV-NNZAMXRZ52,MBR-BJJYH8G9UH,2024-08-11,prescription
PRV-EWJD2QDPA6,PRV-9HWCXGYGRP,MBR-3ULHAGK6SG,2024-03-07,prescription
PRV-GG7BBL7G9L,PRV-YHCS7YKNYQ,MBR-SYWRT9N83F,2024-04-07,order
PRV-LVGM3QWE3V,PRV-EGMCSQWZE2,MBR-ETZVH7W6AB,2024-02-17,referral
PRV-GZWKQRABYX,PRV-KB3DDTGVSY,MBR-PSVVP9RXXN,2024-02-07,prescription
PRV-4TYA4STMB7,PRV-KGZA99WKKT,MBR-4MXTKGTLSY,2024-03-10,prescription
PRV-Z84M5CG5BX,PRV-TTYMZNZQCD,MBR-DJLLB54X78,2024-01-24,referral
PRV-LVGM3QWE3V,PRV-96KL4VD67A,MBR-QFQ7K875L3,2024-05-29,prescription
PRV-6LZYWNNT2J,PRV-EGMCSQWZE2,MBR-6R667HJXAJ,2024-08-24,prescription
PRV-Z84M5CG5BX,PRV-GZWKQRABYX,MBR-UC38TQGQU2,2024-05-19,referral
PRV-HP4BWL7QC4,PRV-F2HS2XPZAV,MBR-EFTCWLP65R,2024-02-03,referral
PRV-E2KQR2ZK3Q,PRV-H9LG5VAJ3J,MBR-QFQ7K875L3,2024-06-30,referral
PRV-52P4GQD2DS,PRV-H9LG5VAJ3J,MBR-Q9XVDUN4EG,2024-01-28,prescription
PRV-HC5CWNTSHD,PRV-QJ8CAJLGGT,MBR-YQDXZC2T45,2024-07-31,order
PRV-F2HS2XPZAV,PRV-5AE63K9XH5,MBR-23FN74V9L5,2024-07-09,order
PRV-EGMCSQWZE2,PRV-E2KQR2ZK3Q,MBR-NHZFV5F7YB,2024-08-26,referral
PRV-F63QP3FKES,PRV-2RBJKMU8EL,MBR-HGL5QVCM22,2024-04-02,prescription
PRV-H9LG5VAJ3J,PRV-QJ8CAJLGGT,MBR-KURT4X2XJU,2024-05-22,order
PRV-2RBJKMU8EL,PRV-Z84M5CG5BX,MBR-EKUMPKKR4M,2024-08-15,order
PRV-TTYMZNZQCD,PRV-E2KQR2ZK3Q,MBR-KURT4X2XJU,2024-04-21,order
PRV-96KL4VD67A,PRV-52P4GQD2DS,MBR-NHZFV5F7YB,2024-03-29,order
PRV-TTYMZNZQCD,PRV-DLK2K6289C,MBR-NHZFV5F7YB,2024-03-26,referral
PRV-9HWCXGYGRP,PRV-LEVZRZGE33,MBR-NP25PG6T7N,2024-01-14,order
PRV-6LZYWNNT2J,PRV-GQ36BNJZ2W,MBR-V9VF74MPX3,2024-06-19,referral
PRV-ZU6YL2HNHH,PRV-5AE63K9XH5,MBR-GQPNSUNUD8,2024-06-06,order
PRV-R6UGAZC4XJ,PRV-DLK2K6289C,MBR-ECH5HLTRCG,2024-01-25,prescription
PRV-2RBJKMU8EL,PRV-FYQT8W8H8G,MBR-Q56D234924,2024-02-18,prescription
PRV-F2HS2XPZAV,PRV-EGMCSQWZE2,MBR-23FN74V9L5,2024-07-11,prescription
PRV-LVGM3QWE3V,PRV-E2KQR2ZK3Q,MBR-ENQHWRE4EM,2024-01-20,prescription
PRV-EWJD2QDPA6,PRV-96KL4VD67A,MBR-FYPQ73DHJX,2024-03-13,order
PRV-6LZYWNNT2J,PRV-R6UGAZC4XJ,MBR-3DKU3QY3W4,2024-02-11,prescription
PRV-E2KQR2ZK3Q,PRV-KB3DDTGVSY,MBR-26AVMXYZBB,2024-04-29,referral
PRV-LJD3M755ZS,PRV-H9LG5VAJ3J,MBR-AEENY3383J,2024-04-02,referral
PRV-EGMCSQWZE2,PRV-KB3DDTGVSY,MBR-MPY7DCHPFS,2024-04-16,prescription
PRV-R6UGAZC4XJ,PRV-QJ8CAJLGGT,MBR-UC38TQGQU2,2024-06-01,prescription
PRV-TTYMZNZQCD,PRV-R6UGAZC4XJ,MBR-NDAL8TYHG6,2024-01-13,referral
PRV-GQ36BNJZ2W,PRV-CYX8UDJJ75,MBR-9NLNH78NEA,2024-07-26,order
PRV-H9LG5VAJ3J,PRV-GQ36BNJZ2W,MBR-PETFJK9QT7,2024-05-06,order
PRV-96KL4VD67A,PRV-EGMCSQWZE2,MBR-Y6AVHN8W6G,2024-02-22,prescription
PRV-96KL4VD67A,PRV-GQ36BNJZ2W,MBR-DEXWGDJEY6,2024-02-14,referral
PRV-EWJD2QDPA6,PRV-F63QP3FKES,MBR-FR9SUZRQYE,2024-06-01,prescription
PRV-52P4GQD2DS,PRV-E2KQR2ZK3Q,MBR-8QYV5748M9,2024-04-24,prescription
PRV-DLK2K6289C,PRV-P8SZX5BYHL,MBR-UC38TQGQU2,2024-03-31,referral
PRV-52P4GQD2DS,PRV-Z84M5CG5BX,MBR-QN2SK6VX4D,2024-01-01,prescription
PRV-DVP5UVKXMG,PRV-6LZYWNNT2J,MBR-6RGUUNWJV3,2024-01-16,prescription
PRV-EGMCSQWZE2,PRV-QJ8CAJLGGT,MBR-UTSSCND564,2024-06-10,referral
PRV-F2HS2XPZAV,PRV-R6UGAZC4XJ,MBR-4LB87BN7MV,2024-07-11,prescription
PRV-LEVZRZGE33,PRV-6LZYWNNT2J,MBR-KSC4HVJFFY,2024-04-25,prescription
PRV-E2KQR2ZK3Q,PRV-LEVZRZGE33,MBR-EKUMPKKR4M,2024-06-20,prescription
PRV-Z84M5CG5BX,PRV-DVP5UVKXMG,MBR-B9S4DFFU5V,2024-05-11,prescription
PRV-GZWKQRABYX,PRV-52P4GQD2DS,MBR-FVQXNKE82Q,2024-02-26,order
PRV-9HWCXGYGRP,PRV-H9LG5VAJ3J,MBR-MPY7DCHPFS,2024-01-30,referral
PRV-GZWKQRABYX,PRV-H9LG5VAJ3J,MBR-JXM5V2U2EH,2024-07-20,prescription
PRV-KB3DDTGVSY,PRV-LVGM3QWE3V,MBR-9VKQVB9R83,2024-03-17,referral
PRV-9HWCXGYGRP,PRV-5AE63K9XH5,MBR-UCEQYHF3V4,2024-07-25,prescription
PRV-5AE63K9XH5,PRV-QJ8CAJLGGT,MBR-AEENY3383J,2024-04-21,prescription
PRV-F2HS2XPZAV,PRV-EWJD2QDPA6,MBR-4VYBTHF64D,2024-05-10,prescription
PRV-GQ36BNJZ2W,PRV-TTYMZNZQCD,MBR-JJNSJXSGYB,2024-05-31,referral
PRV-H9LG5VAJ3J,PRV-6LZYWNNT2J,MBR-SMLQ7MHU28,2024-03-10,order
PRV-EGMCSQWZE2,PRV-HP4BWL7QC4,MBR-3DKU3QY3W4,2024-01-28,order
PRV-GG7BBL7G9L,PRV-HP4BWL7QC4,MBR-UTSSCND564,2024-03-25,referral
PRV-5AE63K9XH5,PRV-AEV55VW98C,MBR-S483KN937H,2024-08-23,prescription
PRV-5AE63K9XH5,PRV-EWJD2QDPA6,MBR-6RGUUNWJV3,2024-05-10,order
PRV-HP4BWL7QC4,PRV-P8SZX5BYHL,MBR-VK3KCQ836K,2024-04-20,prescription
PRV-4TYA4STMB7,PRV-AEV55VW98C,MBR-LJX3UFVHQR,2024-07-31,order
PRV-NNZAMXRZ52,PRV-KGZA99WKKT,MBR-HX94GZSQRT,2024-01-25,order
PRV-GQ36BNJZ2W,PRV-Z84M5CG5BX,MBR-FV7G6UXLBA,2024-02-03,order
PRV-F63QP3FKES,PRV-5AE63K9XH5,MBR-HX94GZSQRT,2024-06-06,prescription
PRV-52P4GQD2DS,PRV-KGZA99WKKT,MBR-BDY6GKJ6LW,2024-02-08,prescription
PRV-FYQT8W8H8G,PRV-LEVZRZGE33,MBR-P42BUQXM3S,2024-01-15,referral
PRV-GZWKQRABYX,PRV-9HWCXGYGRP,MBR-HX94GZSQRT,2024-06-22,referral
PRV-P8SZX5BYHL,PRV-HP4BWL7QC4,MBR-4VYBTHF64D,2024-01-19,order
PRV-P8SZX5BYHL,PRV-KGZA99WKKT,MBR-QFQ7K875L3,2024-02-16,referral
PRV-EGMCSQWZE2,PRV-QJ8CAJLGGT,MBR-Q9XVDUN4EG,2024-06-10,referral
PRV-6LZYWNNT2J,PRV-GG7BBL7G9L,MBR-L3J58QSDDG,2024-04-27,referral
PRV-AEV55VW98C,PRV-TTYMZNZQCD,MBR-ECH5HLTRCG,2024-05-15,referral
PRV-96KL4VD67A,PRV-FYQT8W8H8G,MBR-SYWRT9N83F,2024-06-18,order
PRV-P8SZX5BYHL,PRV-GZWKQRABYX,MBR-ECH5HLTRCG,2024-03-06,referral
PRV-2RBJKMU8EL,PRV-EWJD2QDPA6,MBR-BL5PTDN9TA,2024-06-08,referral
PRV-F2HS2XPZAV,PRV-P8SZX5BYHL,MBR-ZL5Q6EFMAR,2024-04-14,referral
PRV-GQ36BNJZ2W,PRV-EGMCSQWZE2,MBR-UC38TQGQU2,2024-05-12,prescription
PRV-4TYA4STMB7,PRV-52P4GQD2DS,MBR-4MXTKGTLSY,2024-06-28,referral
PRV-HC5CWNTSHD,PRV-E2KQR2ZK3Q,MBR-SMLQ7MHU28,2024-05-15,referral
PRV-KGZA99WKKT,PRV-DLK2K6289C,MBR-UTSSCND564,2024-07-27,order
PRV-HP4BWL7QC4,PRV-FYQT8W8H8G,MBR-Y46Z4D77Y3,2024-08-09,order
PRV-52P4GQD2DS,PRV-4TYA4STMB7,MBR-EL4SD7SMBU,2024-08-17,prescription
PRV-Z84M5CG5BX,PRV-52P4GQD2DS,MBR-U8Q725GQ72,2024-07-25,order
PRV-9HWCXGYGRP,PRV-52P4GQD2DS,MBR-VK3KCQ836K,2024-04-09,prescription
PRV-AEV55VW98C,PRV-52P4GQD2DS,MBR-QFQ7K875L3,2024-02-23,prescription
PRV-EGMCSQWZE2,PRV-F2HS2XPZAV,MBR-S483KN937H,2024-07-13,referral
PRV-EWJD2QDPA6,PRV-LJD3M755ZS,MBR-KQZHQZB89K,2024-01-02,prescription
PRV-EGMCSQWZE2,PRV-DVP5UVKXMG,MBR-S483KN937H,2024-06-10,prescription
PRV-LJD3M755ZS,PRV-KB3DDTGVSY,MBR-6RGUUNWJV3,2024-06-18,order
PRV-LVGM3QWE3V,PRV-ZU6YL2HNHH,MBR-Y46Z4D77Y3,2024-02-25,prescription
PRV-96KL4VD67A,PRV-F63QP3FKES,MBR-NDAL8TYHG6,2024-05-05,prescription
PRV-EGMCSQWZE2,PRV-P8SZX5BYHL,MBR-Q9XVDUN4EG,2024-01-17,prescription
PRV-LEVZRZGE33,PRV-96KL4VD67A,MBR-4PAPY9GKRR,2024-03-12,prescription
PRV-6LZYWNNT2J,PRV-EWJD2QDPA6,MBR-4VYBTHF64D,2024-02-17,referral
PRV-GQ36BNJZ2W,PRV-2RBJKMU8EL,MBR-4LB87BN7MV,2024-06-29,prescription
PRV-QJ8CAJLGGT,PRV-LEVZRZGE33,MBR-ZLNPJ2MYTP,2024-03-08,referral
PRV-CYX8UDJJ75,PRV-H9LG5VAJ3J,MBR-4LB87BN7MV,2024-04-29,order
PRV-TTYMZNZQCD,PRV-H9LG5VAJ3J,MBR-DJLLB54X78,2024-07-25,order
PRV-DLK2K6289C,PRV-LEVZRZGE33,MBR-UTSSCND564,2024-01-01,referral
PRV-LJD3M755ZS,PRV-LVGM3QWE3V,MBR-EL4SD7SMBU,2024-06-24,prescription
PRV-LEVZRZGE33,PRV-9HWCXGYGRP,MBR-9VKQVB9R83,2024-05-04,order
PRV-R6UGAZC4XJ,PRV-NNZAMXRZ52,MBR-LYUPA4MC8N,2024-05-08,order
PRV-96KL4VD67A,PRV-Z84M5CG5BX,MBR-DEXWGDJEY6,2024-02-05,order
PRV-EWJD2QDPA6,PRV-LJD3M755ZS,MBR-UQYW382EA8,2024-03-19,referral
PRV-HP4BWL7QC4,PRV-NNZAMXRZ52,MBR-279EELY74M,2024-08-27,prescription
PRV-R6UGAZC4XJ,PRV-9HWCXGYGRP,MBR-FYPQ73DHJX,2024-04-04,prescription
PRV-FYQT8W8H8G,PRV-4TYA4STMB7,MBR-63JAR5TFRQ,2024-03-17,prescription
PRV-LJD3M755ZS,PRV-EWJD2QDPA6,MBR-V2LNSJANZJ,2024-08-15,order
PRV-YHCS7YKNYQ,PRV-Z84M5CG5BX,MBR-NHZFV5F7YB,2024-06-28,referral
PRV-GQ36BNJZ2W,PRV-52P4GQD2DS,MBR-PSVVP9RXXN,2024-07-04,prescription
PRV-KGZA99WKKT,PRV-EGMCSQWZE2,MBR-UQYW382EA8,2024-02-08,prescription
PRV-H9LG5VAJ3J,PRV-EGMCSQWZE2,MBR-KXFLG7CTRT,2024-03-31,referral
PRV-F2HS2XPZAV,PRV-R6UGAZC4XJ,MBR-SYWRT9N83F,2024-03-30,order
PRV-EGMCSQWZE2,PRV-AEV55VW98C,MBR-ZQX5ZKU3UK,2024-03-16,prescription
PRV-96KL4VD67A,PRV-KGZA99WKKT,MBR-FR9SUZRQYE,2024-07-06,order
PRV-P8SZX5BYHL,PRV-HP4BWL7QC4,MBR-S483KN937H,2024-05-28,order
PRV-5AE63K9XH5,PRV-F63QP3FKES,MBR-JJNSJXSGYB,2024-04-03,prescription
PRV-DLK2K6289C,PRV-ZU6YL2HNHH,MBR-HGL5QVCM22,2024-02-18,referral
PRV-GQ36BNJZ2W,PRV-LVGM3QWE3V,MBR-KURT4X2XJU,2024-02-17,referral
PRV-LJD3M755ZS,PRV-R6UGAZC4XJ,MBR-EWCZ7ZJ4K2,2024-03-13,referral
PRV-GQ36BNJZ2W,PRV-QJ8CAJLGGT,MBR-JZTGZW6TE6,2024-07-30,order
PRV-HC5CWNTSHD,PRV-96KL4VD67A,MBR-JXM5V2U2EH,2024-06-30,referral
PRV-GQ36BNJZ2W,PRV-NNZAMXRZ52,MBR-P42BUQXM3S,2024-07-19,order
PRV-GZWKQRABYX,PRV-FYQT8W8H8G,MBR-JZTGZW6TE6,2024-08-25,prescription
PRV-AEV55VW98C,PRV-F2HS2XPZAV,MBR-BL5PTDN9TA,2024-04-27,referral
PRV-4TYA4STMB7,PRV-LJD3M755ZS,MBR-QN2SK6VX4D,2024-04-01,referral
PRV-9HWCXGYGRP,PRV-HP4BWL7QC4,MBR-ZLNPJ2MYTP,2024-07-11,referral
PRV-96KL4VD67A,PRV-GG7BBL7G9L,MBR-KSC4HVJFFY,2024-07-18,referral
PRV-96KL4VD67A,PRV-P8SZX5BYHL,MBR-U8Q725GQ72,2024-03-17,prescription
PRV-KGZA99WKKT,PRV-AEV55VW98C,MBR-J39SZ2P3P6,2024-04-19,referral
PRV-F63QP3FKES,PRV-KB3DDTGVSY,MBR-VPC7RKBDT2,2024-05-08,order
PRV-P8SZX5BYHL,PRV-GQ36BNJZ2W,MBR-P42BUQXM3S,2024-02-21,prescription
PRV-EWJD2QDPA6,PRV-HC5CWNTSHD,MBR-KURT4X2XJU,2024-06-15,referral
PRV-KGZA99WKKT,PRV-QJ8CAJLGGT,MBR-5C38HCEB3B,2024-04-13,prescription
PRV-F2HS2XPZAV,PRV-AEV55VW98C,MBR-59N7KMSMAY,2024-04-28,order
PRV-LVGM3QWE3V,PRV-52P4GQD2DS,MBR-ETZVH7W6AB,2024-07-03,prescription
PRV-EGMCSQWZE2,PRV-GQ36BNJZ2W,MBR-UQYW382EA8,2024-05-13,order
PRV-6LZYWNNT2J,PRV-F2HS2XPZAV,MBR-FZQYV4SKXX,2024-03-20,order
PRV-HC5CWNTSHD,PRV-FYQT8W8H8G,MBR-N22Z5YSZ3U,2024-05-09,referral
PRV-H9LG5VAJ3J,PRV-6LZYWNNT2J,MBR-V2LNSJANZJ,2024-06-25,prescription
PRV-P8SZX5BYHL,PRV-GZWKQRABYX,MBR-R5AEQFFAJ2,2024-04-05,order
PRV-AEV55VW98C,PRV-GZWKQRABYX,MBR-S7Z8C8UNTB,2024-07-13,referral
PRV-TTYMZNZQCD,PRV-KGZA99WKKT,MBR-UCEQYHF3V4,2024-08-15,prescription
PRV-QJ8CAJLGGT,PRV-4TYA4STMB7,MBR-TJZA2TZN6S,2024-01-06,order
PRV-KGZA99WKKT,PRV-2RBJKMU8EL,MBR-UC38TQGQU2,2024-01-19,referral
PRV-GG7BBL7G9L,PRV-AEV55VW98C,MBR-QBR4HDNJC7,2024-07-16,order
PRV-EWJD2QDPA6,PRV-5AE63K9XH5,MBR-XVAD9JHUZ8,2024-05-12,order
PRV-96KL4VD67A,PRV-QJ8CAJLGGT,MBR-BJJYH8G9UH,2024-04-24,prescription
PRV-F2HS2XPZAV,PRV-R6UGAZC4XJ,MBR-4EXUHMWNNJ,2024-01-28,referral
PRV-DLK2K6289C,PRV-LJD3M755ZS,MBR-P78M8HDWEL,2024-02-12,referral
PRV-5AE63K9XH5,PRV-FYQT8W8H8G,MBR-ARSHMU22CN,2024-05-09,referral
PRV-F2HS2XPZAV,PRV-6LZYWNNT2J,MBR-GQPNSUNUD8,2024-07-08,referral
PRV-EGMCSQWZE2,PRV-96KL4VD67A,MBR-N22Z5YSZ3U,2024-06-14,prescription
PRV-6LZYWNNT2J,PRV-Z84M5CG5BX,MBR-S7Z8C8UNTB,2024-06-04,prescription
PRV-DVP5UVKXMG,PRV-AEV55VW98C,MBR-4KTNS62BW2,2024-03-04,prescription
PRV-52P4GQD2DS,PRV-DLK2K6289C,MBR-2NR27KXVV3,2024-06-17,order
PRV-KGZA99WKKT,PRV-96KL4VD67A,MBR-FV7G6UXLBA,2024-03-16,order
PRV-EWJD2QDPA6,PRV-H9LG5VAJ3J,MBR-AEENY3383J,2024-01-14,prescription
PRV-KB3DDTGVSY,PRV-LJD3M755ZS,MBR-MPY7DCHPFS,2024-06-11,referral
PRV-96KL4VD67A,PRV-4TYA4STMB7,MBR-8MK5KHJNCW,2024-04-26,order
PRV-52P4GQD2DS,PRV-4GHMRGCDAW,MBR-LKW3FJD9YF,2024-02-10,order
PRV-52P4GQD2DS,PRV-ZVARQVCWQQ,MBR-4LB87BN7MV,2024-02-11,order
PRV-52P4GQD2DS,PRV-HUT9JJ4X7T,MBR-B8UH9BQB22,2024-02-12,order
PRV-52P4GQD2DS,PRV-4GHMRGCDAW,MBR-XMN8XNZMG2,2024-02-13,order
PRV-52P4GQD2DS,PRV-ZVARQVCWQQ,MBR-LSWYAWLX8N,2024-02-14,order
PRV-52P4GQD2DS,PRV-HUT9JJ4X7T,MBR-L3J58QSDDG,2024-02-15,order
PRV-52P4GQD2DS,PRV-4GHMRGCDAW,MBR-KH7EQQUK24,2024-02-16,order
PRV-52P4GQD2DS,PRV-ZVARQVCWQQ,MBR-NHZFV5F7YB,2024-02-17,order
PRV-52P4GQD2DS,PRV-HUT9JJ4X7T,MBR-QBR4HDNJC7,2024-02-18,order
PRV-52P4GQD2DS,PRV-4GHMRGCDAW,MBR-8QYV5748M9,2024-02-19,order
PRV-52P4GQD2DS,PRV-ZVARQVCWQQ,MBR-VPC7RKBDT2,2024-02-20,order
PRV-52P4GQD2DS,PRV-HUT9JJ4X7T,MBR-KSC4HVJFFY,2024-02-21,order
PRV-52P4GQD2DS,PRV-4GHMRGCDAW,MBR-J39SZ2P3P6,2024-02-22,order
PRV-52P4GQD2DS,PRV-ZVARQVCWQQ,MBR-85TW3PXGVH,2024-02-23,order
PRV-52P4GQD2DS,PRV-HUT9JJ4X7T,MBR-69CJDM2UQG,2024-02-24,order
PRV-52P4GQD2DS,PRV-4GHMRGCDAW,MBR-V9VF74MPX3,2024-02-25,order
PRV-52P4GQD2DS,PRV-ZVARQVCWQQ,MBR-ARSHMU22CN,2024-02-26,order
PRV-52P4GQD2DS,PRV-HUT9JJ4X7T,MBR-R5AEQFFAJ2,2024-02-27,order
PRV-52P4GQD2DS,PRV-4GHMRGCDAW,MBR-QFQ7K875L3,2024-02-28,order
PRV-52P4GQD2DS,PRV-ZVARQVCWQQ,MBR-4EXUHMWNNJ,2024-02-29,order
PRV-52P4GQD2DS,PRV-HUT9JJ4X7T,MBR-FZQYV4SKXX,2024-03-01,order
PRV-52P4GQD2DS,PRV-4GHMRGCDAW,MBR-4KTNS62BW2,2024-03-02,order
PRV-52P4GQD2DS,PRV-ZVARQVCWQQ,MBR-SMLQ7MHU28,2024-03-03,order
PRV-52P4GQD2DS,PRV-HUT9JJ4X7T,MBR-6R667HJXAJ,2024-03-04,order
PRV-52P4GQD2DS,PRV-M7GH4K66H3,MBR-KQZHQZB89K,2024-02-10,order
PRV-52P4GQD2DS,PRV-BFHL3Y49ZW,MBR-EFTCWLP65R,2024-02-11,order
PRV-52P4GQD2DS,PRV-RC658LCB76,MBR-B8UH9BQB22,2024-02-12,order
PRV-52P4GQD2DS,PRV-M7GH4K66H3,MBR-PETFJK9QT7,2024-02-13,order
PRV-52P4GQD2DS,PRV-BFHL3Y49ZW,MBR-6SBLF43NN5,2024-02-14,order
PRV-52P4GQD2DS,PRV-RC658LCB76,MBR-3DKU3QY3W4,2024-02-15,order
PRV-52P4GQD2DS,PRV-M7GH4K66H3,MBR-R5AEQFFAJ2,2024-02-16,order
PRV-52P4GQD2DS,PRV-BFHL3Y49ZW,MBR-R5AEQFFAJ2,2024-02-17,order
PRV-52P4GQD2DS,PRV-RC658LCB76,MBR-ECH5HLTRCG,2024-02-18,order
PRV-52P4GQD2DS,PRV-M7GH4K66H3,MBR-PETFJK9QT7,2024-02-19,order
PRV-52P4GQD2DS,PRV-BFHL3Y49ZW,MBR-Y46Z4D77Y3,2024-02-20,order
PRV-52P4GQD2DS,PRV-RC658LCB76,MBR-ARSHMU22CN,2024-02-21,order
PRV-52P4GQD2DS,PRV-M7GH4K66H3,MBR-B8UH9BQB22,2024-02-22,order
PRV-52P4GQD2DS,PRV-BFHL3Y49ZW,MBR-P78M8HDWEL,2024-02-23,order
PRV-52P4GQD2DS,PRV-RC658LCB76,MBR-L3J58QSDDG,2024-02-24,order
PRV-52P4GQD2DS,PRV-M7GH4K66H3,MBR-SYWRT9N83F,2024-02-25,order
PRV-52P4GQD2DS,PRV-BFHL3Y49ZW,MBR-E5G8EVQHMP,2024-02-26,order
PRV-52P4GQD2DS,PRV-RC658LCB76,MBR-QFQ7K875L3,2024-02-27,order
PRV-52P4GQD2DS,PRV-M7GH4K66H3,MBR-BUL4LEDKWE,2024-02-28,order
PRV-52P4GQD2DS,PRV-BFHL3Y49ZW,MBR-L3J58QSDDG,2024-02-29,order
PRV-52P4GQD2DS,PRV-RC658LCB76,MBR-4LB87BN7MV,2024-03-01,order
PRV-52P4GQD2DS,PRV-M7GH4K66H3,MBR-23FN74V9L5,2024-03-02,order
PRV-52P4GQD2DS,PRV-BFHL3Y49ZW,MBR-B9S4DFFU5V,2024-03-03,order
PRV-52P4GQD2DS,PRV-RC658LCB76,MBR-Y4DRB8SKCE,2024-03-04,order
PRV-52P4GQD2DS,PRV-FYQT8W8H8G,MBR-DJLLB54X78,2024-05-04,order
PRV-52P4GQD2DS,PRV-FYQT8W8H8G,MBR-8MK5KHJNCW,2024-02-29,order
PRV-52P4GQD2DS,PRV-FYQT8W8H8G,MBR-KSC4HVJFFY,2024-06-01,order
PRV-52P4GQD2DS,PRV-FYQT8W8H8G,MBR-DEXWGDJEY6,2024-06-27,order
PRV-52P4GQD2DS,PRV-FYQT8W8H8G,MBR-JJNSJXSGYB,2024-05-31,order
PRV-52P4GQD2DS,PRV-FYQT8W8H8G,MBR-9NLNH78NEA,2024-06-04,order
PRV-52P4GQD2DS,PRV-FYQT8W8H8G,MBR-PSVVP9RXXN,2024-05-30,order
PRV-52P4GQD2DS,PRV-FYQT8W8H8G,MBR-S483KN937H,2024-06-10,order
PRV-52P4GQD2DS,PRV-FYQT8W8H8G,MBR-B9S4DFFU5V,2024-08-02,order
PRV-52P4GQD2DS,PRV-FYQT8W8H8G,MBR-3DKU3QY3W4,2024-02-28,order
PRV-52P4GQD2DS,PRV-FYQT8W8H8G,MBR-NP25PG6T7N,2024-02-04,order
PRV-52P4GQD2DS,PRV-FYQT8W8H8G,MBR-4EXUHMWNNJ,2024-07-23,order
PRV-52P4GQD2DS,PRV-FYQT8W8H8G,MBR-3ULHAGK6SG,2024-04-14,order
PRV-52P4GQD2DS,PRV-FYQT8W8H8G,MBR-DEXWGDJEY6,2024-03-20,order
PRV-52P4GQD2DS,PRV-FYQT8W8H8G,MBR-SMLQ7MHU28,2024-04-21,order
PRV-52P4GQD2DS,PRV-FYQT8W8H8G,MBR-BDY6GKJ6LW,2024-05-25,order
PRV-52P4GQD2DS,PRV-FYQT8W8H8G,MBR-EKUMPKKR4M,2024-05-20,order
PRV-52P4GQD2DS,PRV-FYQT8W8H8G,MBR-B8UH9BQB22,2024-01-31,order
PRV-52P4GQD2DS,PRV-FYQT8W8H8G,MBR-VPC7RKBDT2,2024-06-02,order
PRV-52P4GQD2DS,PRV-FYQT8W8H8G,MBR-6R667HJXAJ,2024-04-10,order
PRV-52P4GQD2DS,PRV-FYQT8W8H8G,MBR-KURT4X2XJU,2024-06-29,order
PRV-52P4GQD2DS,PRV-FYQT8W8H8G,MBR-P78M8HDWEL,2024-04-02,order
PRV-52P4GQD2DS,PRV-FYQT8W8H8G,MBR-HGL5QVCM22,2024-08-12,order
PRV-52P4GQD2DS,PRV-FYQT8W8H8G,MBR-UTSSCND564,2024-04-06,order
PRV-52P4GQD2DS,PRV-FYQT8W8H8G,MBR-VK3KCQ836K,2024-05-20,order
PRV-52P4GQD2DS,PRV-FYQT8W8H8G,MBR-FR9SUZRQYE,2024-03-24,order
PRV-52P4GQD2DS,PRV-FYQT8W8H8G,MBR-XVAD9JHUZ8,2024-05-13,order
PRV-52P4GQD2DS,PRV-FYQT8W8H8G,MBR-J39SZ2P3P6,2024-06-16,order
PRV-52P4GQD2DS,PRV-FYQT8W8H8G,MBR-6SBLF43NN5,2024-03-19,order
PRV-52P4GQD2DS,PRV-FYQT8W8H8G,MBR-UTSSCND564,2024-06-03,order
PRV-52P4GQD2DS,PRV-FYQT8W8H8G,MBR-TJZA2TZN6S,2024-04-25,order
PRV-52P4GQD2DS,PRV-FYQT8W8H8G,MBR-7FN4J7TSLE,2024-02-15,order
PRV-52P4GQD2DS,PRV-FYQT8W8H8G,MBR-V2LNSJANZJ,2024-05-18,order
PRV-52P4GQD2DS,PRV-FYQT8W8H8G,MBR-QFQ7K875L3,2024-04-12,order
PRV-52P4GQD2DS,PRV-FYQT8W8H8G,MBR-AEENY3383J,2024-06-07,order
PRV-52P4GQD2DS,PRV-FYQT8W8H8G,MBR-2NR27KXVV3,2024-08-01,order
PRV-52P4GQD2DS,PRV-FYQT8W8H8G,MBR-UQYW382EA8,2024-08-08,order
PRV-52P4GQD2DS,PRV-FYQT8W8H8G,MBR-ETZVH7W6AB,2024-03-20,order
PRV-52P4GQD2DS,PRV-FYQT8W8H8G,MBR-5C38HCEB3B,2024-06-23,order
PRV-52P4GQD2DS,PRV-FYQT8W8H8G,MBR-9NLNH78NEA,2024-04-10,order
