member_id,prescriber_id,pharmacy_id,drug_class_syn,days_supply,qty,mme,fill_date
MBR-QBR4HDNJC7,PRV-52P4GQD2DS,PRV-E2KQR2ZK3Q,opioid,14,30.0,20.0,2024-02-20
MBR-MPY7DCHPFS,PRV-DVP5UVKXMG,PRV-NNZAMXRZ52,opioid,7,15.0,80.0,2024-01-31
MBR-LSWYAWLX8N,PRV-CYX8UDJJ75,PRV-E2KQR2ZK3Q,opioid,30,90.0,0.0,2024-05-14
MBR-26AVMXYZBB,PRV-EWJD2QDPA6,PRV-F2HS2XPZAV,opioid,7,60.0,40.0,2024-03-28
MBR-L3J58QSDDG,PRV-HC5CWNTSHD,PRV-E2KQR2ZK3Q,opioid,30,90.0,20.0,2024-04-28
MBR-HX94GZSQRT,PRV-HC5CWNTSHD,PRV-F2HS2XPZAV,antibiotic,30,60.0,20.0,2024-04-12
MBR-PSVVP9RXXN,PRV-HC5CWNTSHD,PRV-F2HS2XPZAV,insulin,14,30.0,0.0,2024-02-06
MBR-EFTCWLP65R,PRV-CYX8UDJJ75,PRV-E2KQR2ZK3Q,opioid,7,60.0,80.0,2024-06-03
MBR-LSWYAWLX8N,PRV-EWJD2QDPA6,PRV-NNZAMXRZ52,statin,7,15.0,20.0,2024-02-01
MBR-FVQXNKE82Q,PRV-52P4GQD2DS,PRV-P8SZX5BYHL,opioid,14,30.0,80.0,2024-03-23
MBR-6RGUUNWJV3,PRV-52P4GQD2DS,PRV-F2HS2XPZAV,antibiotic,7,90.0,40.0,2024-01-05
MBR-6KDHMRRDDG,PRV-HC5CWNTSHD,PRV-P8SZX5BYHL,insulin,30,30.0,20.0,2024-02-07
MBR-P42BUQXM3S,PRV-EWJD2QDPA6,PRV-NNZAMXRZ52,statin,14,60.0,20.0,2024-04-23
MBR-S7Z8C8UNTB,PRV-DVP5UVKXMG,PRV-P8SZX5BYHL,insulin,14,60.0,40.0,2024-08-12
MBR-9PQ5QXMXV9,PRV-EWJD2QDPA6,PRV-NNZAMXRZ52,insulin,7,15.0,20.0,2024-04-19
MBR-DJLLB54X78,PRV-52P4GQD2DS,PRV-E2KQR2ZK3Q,statin,30,15.0,80.0,2024-07-15
MBR-V2LNSJANZJ,PRV-HC5CWNTSHD,PRV-P8SZX5BYHL,antibiotic,14,30.0,0.0,2024-01-16
MBR-4KTNS62BW2,PRV-52P4GQD2DS,PRV-Z84M5CG5BX,insulin,7,60.0,40.0,2024-02-16
MBR-W33FF9PGW5,PRV-HC5CWNTSHD,PRV-NNZAMXRZ52,statin,30,90.0,0.0,2024-01-07
MBR-Y46Z4D77Y3,PRV-EWJD2QDPA6,PRV-NNZAMXRZ52,insulin,30,30.0,80.0,2024-03-28
MBR-QN2SK6VX4D,PRV-52P4GQD2DS,PRV-NNZAMXRZ52,opioid,30,30.0,20.0,2024-02-23
MBR-DJLLB54X78,PRV-52P4GQD2DS,PRV-Z84M5CG5BX,antibiotic,30,15.0,40.0,2024-06-22
MBR-7XEPY4R5EL,PRV-HC5CWNTSHD,PRV-E2KQR2ZK3Q,opioid,7,90.0,20.0,2024-01-22
MBR-QFQ7K875L3,PRV-EWJD2QDPA6,PRV-P8SZX5BYHL,opioid,14,30.0,80.0,2024-05-23
MBR-AEENY3383J,PRV-EWJD2QDPA6,PRV-P8SZX5BYHL,statin,30,60.0,0.0,2024-01-11
MBR-KH7EQQUK24,PRV-52P4GQD2DS,PRV-P8SZX5BYHL,opioid,14,15.0,40.0,2024-03-18
MBR-4MXTKGTLSY,PRV-CYX8UDJJ75,PRV-NNZAMXRZ52,opioid,30,15.0,20.0,2024-03-12
MBR-SYWRT9N83F,PRV-52P4GQD2DS,PRV-E2KQR2ZK3Q,opioid,14,60.0,80.0,2024-03-13
MBR-YTRN8M4CTJ,PRV-52P4GQD2DS,PRV-P8SZX5BYHL,antibiotic,14,30.0,80.0,2024-06-09
MBR-279EELY74M,PRV-DVP5UVKXMG,PRV-P8SZX5BYHL,opioid,7,60.0,0.0,2024-05-25
MBR-8MK5KHJNCW,PRV-EWJD2QDPA6,PRV-P8SZX5BYHL,opioid,7,90.0,0.0,2024-01-15
MBR-KURT4X2XJU,PRV-52P4GQD2DS,PRV-E2KQR2ZK3Q,insulin,30,90.0,40.0,2024-06-15
MBR-5Y93Z8WGHW,PRV-DVP5UVKXMG,PRV-F2HS2XPZAV,opioid,7,60.0,40.0,2024-01-28
MBR-N22Z5YSZ3U,PRV-HC5CWNTSHD,PRV-E2KQR2ZK3Q,opioid,14,90.0,20.0,2024-08-05
MBR-Q9XVDUN4EG,PRV-52P4GQD2DS,PRV-P8SZX5BYHL,insulin,7,30.0,80.0,2024-06-14
MBR-QFQ7K875L3,PRV-HC5CWNTSHD,PRV-Z84M5CG5BX,insulin,14,30.0,80.0,2024-02-10
MBR-TEMED367ZE,PRV-CYX8UDJJ75,PRV-NNZAMXRZ52,statin,30,15.0,20.0,2024-07-20
MBR-2NR27KXVV3,PRV-DVP5UVKXMG,PRV-E2KQR2ZK3Q,statin,30,15.0,20.0,2024-03-27
MBR-EL4SD7SMBU,PRV-EWJD2QDPA6,PRV-F2HS2XPZAV,statin,14,90.0,20.0,2024-07-27
MBR-L3J58QSDDG,PRV-52P4GQD2DS,PRV-P8SZX5BYHL,statin,14,90.0,0.0,2024-06-01
MBR-SMLQ7MHU28,PRV-DVP5UVKXMG,PRV-E2KQR2ZK3Q,opioid,7,60.0,20.0,2024-06-22
MBR-KURT4X2XJU,PRV-CYX8UDJJ75,PRV-Z84M5CG5BX,opioid,14,30.0,80.0,2024-01-29
MBR-XVAD9JHUZ8,PRV-HC5CWNTSHD,PRV-Z84M5CG5BX,opioid,14,15.0,0.0,2024-01-11
MBR-NHZFV5F7YB,PRV-HC5CWNTSHD,PRV-Z84M5CG5BX,insulin,14,15.0,0.0,2024-05-24
MBR-BDY6GKJ6LW,PRV-CYX8UDJJ75,PRV-Z84M5CG5BX,statin,30,15.0,0.0,2024-03-29
MBR-4PAPY9GKRR,PRV-CYX8UDJJ75,PRV-E2KQR2ZK3Q,opioid,14,15.0,20.0,2024-03-02
MBR-85TW3PXGVH,PRV-52P4GQD2DS,PRV-E2KQR2ZK3Q,antibiotic,30,60.0,40.0,2024-07-06
MBR-UC38TQGQU2,PRV-HC5CWNTSHD,PRV-F2HS2XPZAV,antibiotic,7,60.0,80.0,2024-06-14
MBR-DEXWGDJEY6,PRV-DVP5UVKXMG,PRV-E2KQR2ZK3Q,opioid,14,90.0,0.0,2024-03-02
MBR-4PAPY9GKRR,PRV-DVP5UVKXMG,PRV-E2KQR2ZK3Q,statin,7,30.0,80.0,2024-08-24
MBR-FV7G6UXLBA,PRV-HC5CWNTSHD,PRV-Z84M5CG5BX,antibiotic,14,60.0,0.0,2024-06-26
MBR-6R667HJXAJ,PRV-DVP5UVKXMG,PRV-E2KQR2ZK3Q,insulin,30,30.0,40.0,2024-08-03
MBR-W33FF9PGW5,PRV-EWJD2QDPA6,PRV-Z84M5CG5BX,insulin,7,30.0,0.0,2024-08-27
MBR-UTSSCND564,PRV-HC5CWNTSHD,PRV-E2KQR2ZK3Q,insulin,14,90.0,20.0,2024-01-13
MBR-H5PBWV7T3H,PRV-DVP5UVKXMG,PRV-P8SZX5BYHL,statin,7,90.0,20.0,2024-06-19
MBR-MPY7DCHPFS,PRV-52P4GQD2DS,PRV-NNZAMXRZ52,statin,14,30.0,20.0,2024-07-07
MBR-N22Z5YSZ3U,PRV-52P4GQD2DS,PRV-F2HS2XPZAV,opioid,30,30.0,40.0,2024-04-27
MBR-Y46Z4D77Y3,PRV-HC5CWNTSHD,PRV-F2HS2XPZAV,antibiotic,7,90.0,80.0,2024-05-31
MBR-63JAR5TFRQ,PRV-DVP5UVKXMG,PRV-P8SZX5BYHL,statin,7,90.0,20.0,2024-05-28
MBR-3DKU3QY3W4,PRV-52P4GQD2DS,PRV-NNZAMXRZ52,antibiotic,14,30.0,40.0,2024-06-14
MBR-XPGBTT2ECZ,PRV-CYX8UDJJ75,PRV-NNZAMXRZ52,antibiotic,14,30.0,0.0,2024-04-15
MBR-VPC7RKBDT2,PRV-HC5CWNTSHD,PRV-F2HS2XPZAV,statin,14,30.0,40.0,2024-04-26
MBR-23FN74V9L5,PRV-EWJD2QDPA6,PRV-NNZAMXRZ52,opioid,7,15.0,40.0,2024-05-04
MBR-Q56D234924,PRV-EWJD2QDPA6,PRV-E2KQR2ZK3Q,opioid,14,90.0,80.0,2024-02-06
MBR-B8UH9BQB22,PRV-EWJD2QDPA6,PRV-Z84M5CG5BX,opioid,14,15.0,20.0,2024-05-25
MBR-EFTCWLP65R,PRV-CYX8UDJJ75,PRV-P8SZX5BYHL,antibiotic,7,60.0,20.0,2024-05-01
MBR-7XEPY4R5EL,PRV-DVP5UVKXMG,PRV-E2KQR2ZK3Q,opioid,14,90.0,20.0,2024-01-09
MBR-QFQ7K875L3,PRV-CYX8UDJJ75,PRV-P8SZX5BYHL,antibiotic,7,30.0,0.0,2024-02-14
MBR-TEMED367ZE,PRV-CYX8UDJJ75,PRV-Z84M5CG5BX,opioid,7,60.0,20.0,2024-05-22
MBR-63JAR5TFRQ,PRV-DVP5UVKXMG,PRV-Z84M5CG5BX,antibiotic,7,15.0,40.0,2024-07-27
MBR-85TW3PXGVH,PRV-CYX8UDJJ75,PRV-F2HS2XPZAV,opioid,30,90.0,0.0,2024-04-12
MBR-FZQYV4SKXX,PRV-CYX8UDJJ75,PRV-E2KQR2ZK3Q,statin,14,15.0,20.0,2024-01-26
MBR-V2LNSJANZJ,PRV-CYX8UDJJ75,PRV-F2HS2XPZAV,opioid,7,90.0,0.0,2024-02-08
MBR-FYPQ73DHJX,PRV-DVP5UVKXMG,PRV-F2HS2XPZAV,statin,30,60.0,20.0,2024-08-03
MBR-R5AEQFFAJ2,PRV-CYX8UDJJ75,PRV-Z84M5CG5BX,statin,14,60.0,40.0,2024-01-17
MBR-UQYW382EA8,PRV-CYX8UDJJ75,PRV-Z84M5CG5BX,insulin,7,30.0,20.0,2024-02-23
MBR-KXFLG7CTRT,PRV-CYX8UDJJ75,PRV-NNZAMXRZ52,opioid,30,15.0,40.0,2024-04-28
MBR-LSWYAWLX8N,PRV-DVP5UVKXMG,PRV-P8SZX5BYHL,antibiotic,30,15.0,20.0,2024-07-28
MBR-SYWRT9N83F,PRV-HC5CWNTSHD,PRV-F2HS2XPZAV,opioid,14,60.0,20.0,2024-05-03
MBR-4LB87BN7MV,PRV-CYX8UDJJ75,PRV-P8SZX5BYHL,statin,30,60.0,80.0,2024-01-05
MBR-Y4DRB8SKCE,PRV-52P4GQD2DS,PRV-E2KQR2ZK3Q,opioid,7,90.0,20.0,2024-08-23
MBR-NDAL8TYHG6,PRV-CYX8UDJJ75,PRV-E2KQR2ZK3Q,antibiotic,14,90.0,20.0,2024-07-01
MBR-VK3KCQ836K,PRV-52P4GQD2DS,PRV-Z84M5CG5BX,insulin,30,90.0,0.0,2024-04-16
MBR-279EELY74M,PRV-CYX8UDJJ75,PRV-F2HS2XPZAV,antibiotic,7,15.0,20.0,2024-01-20
MBR-NHZFV5F7YB,PRV-HC5CWNTSHD,PRV-F2HS2XPZAV,insulin,30,30.0,20.0,2024-03-30
MBR-4VB4MXWWPN,PRV-DVP5UVKXMG,PRV-F2HS2XPZAV,opioid,30,60.0,40.0,2024-01-17
MBR-NDAL8TYHG6,PRV-52P4GQD2DS,PRV-P8SZX5BYHL,opioid,14,15.0,0.0,2024-03-24
MBR-59N7KMSMAY,PRV-DVP5UVKXMG,PRV-F2HS2XPZAV,insulin,30,30.0,0.0,2024-08-22
MBR-NHZFV5F7YB,PRV-CYX8UDJJ75,PRV-F2HS2XPZAV,insulin,14,60.0,40.0,2024-07-28
MBR-U8Q725GQ72,PRV-52P4GQD2DS,PRV-NNZAMXRZ52,insulin,14,30.0,0.0,2024-05-21
MBR-SMLQ7MHU28,PRV-EWJD2QDPA6,PRV-NNZAMXRZ52,opioid,14,15.0,0.0,2024-06-30
MBR-YTRN8M4CTJ,PRV-CYX8UDJJ75,PRV-NNZAMXRZ52,statin,30,15.0,0.0,2024-03-09
MBR-P78M8HDWEL,PRV-DVP5UVKXMG,PRV-E2KQR2ZK3Q,antibiotic,30,60.0,0.0,2024-06-05
MBR-PETFJK9QT7,PRV-52P4GQD2DS,PRV-NNZAMXRZ52,statin,7,30.0,0.0,2024-07-14
MBR-N22Z5YSZ3U,PRV-HC5CWNTSHD,PRV-NNZAMXRZ52,opioid,7,60.0,40.0,2024-03-31
MBR-2NR27KXVV3,PRV-EWJD2QDPA6,PRV-F2HS2XPZAV,insulin,14,15.0,0.0,2024-04-21
MBR-4VYBTHF64D,PRV-EWJD2QDPA6,PRV-F2HS2XPZAV,statin,14,15.0,40.0,2024-05-08
MBR-LJX3UFVHQR,PRV-EWJD2QDPA6,PRV-E2KQR2ZK3Q,insulin,30,30.0,20.0,2024-04-26
MBR-EFTCWLP65R,PRV-CYX8UDJJ75,PRV-NNZAMXRZ52,antibiotic,7,30.0,0.0,2024-02-23
MBR-VK3KCQ836K,PRV-DVP5UVKXMG,PRV-E2KQR2ZK3Q,insulin,14,60.0,40.0,2024-08-20
MBR-TJZA2TZN6S,PRV-HC5CWNTSHD,PRV-E2KQR2ZK3Q,insulin,7,15.0,20.0,2024-05-16
MBR-5C38HCEB3B,PRV-52P4GQD2DS,PRV-P8SZX5BYHL,opioid,14,30.0,80.0,2024-04-09
MBR-KQZHQZB89K,PRV-EWJD2QDPA6,PRV-F2HS2XPZAV,statin,7,60.0,20.0,2024-04-06
MBR-SYWRT9N83F,PRV-HC5CWNTSHD,PRV-F2HS2XPZAV,antibiotic,30,15.0,20.0,2024-07-07
MBR-B9S4DFFU5V,PRV-CYX8UDJJ75,PRV-P8SZX5BYHL,opioid,14,60.0,80.0,2024-02-03
MBR-DEXWGDJEY6,PRV-52P4GQD2DS,PRV-Z84M5CG5BX,opioid,30,15.0,80.0,2024-02-03
MBR-KXFLG7CTRT,PRV-CYX8UDJJ75,PRV-E2KQR2ZK3Q,statin,30,60.0,40.0,2024-06-07
MBR-ZQX5ZKU3UK,PRV-52P4GQD2DS,PRV-F2HS2XPZAV,antibiotic,14,60.0,80.0,2024-03-28
MBR-KQZHQZB89K,PRV-HC5CWNTSHD,PRV-Z84M5CG5BX,antibiotic,7,30.0,40.0,2024-03-18
MBR-EWCZ7ZJ4K2,PRV-HC5CWNTSHD,PRV-F2HS2XPZAV,statin,14,60.0,80.0,2024-04-09
MBR-ARSHMU22CN,PRV-HC5CWNTSHD,PRV-P8SZX5BYHL,antibiotic,14,60.0,20.0,2024-04-05
MBR-U8Q725GQ72,PRV-DVP5UVKXMG,PRV-E2KQR2ZK3Q,insulin,7,60.0,40.0,2024-06-05
MBR-VPC7RKBDT2,PRV-CYX8UDJJ75,PRV-Z84M5CG5BX,statin,7,30.0,20.0,2024-05-03
MBR-NDAL8TYHG6,PRV-EWJD2QDPA6,PRV-NNZAMXRZ52,insulin,14,30.0,80.0,2024-04-25
MBR-9PQ5QXMXV9,PRV-HC5CWNTSHD,PRV-NNZAMXRZ52,statin,30,90.0,20.0,2024-04-29
MBR-4VB4MXWWPN,PRV-CYX8UDJJ75,PRV-F2HS2XPZAV,insulin,7,30.0,80.0,2024-08-05
MBR-EFTCWLP65R,PRV-EWJD2QDPA6,PRV-E2KQR2ZK3Q,statin,14,15.0,80.0,2024-05-07
MBR-6R667HJXAJ,PRV-52P4GQD2DS,PRV-Z84M5CG5BX,insulin,7,15.0,40.0,2024-05-28
MBR-63JAR5TFRQ,PRV-DVP5UVKXMG,PRV-P8SZX5BYHL,opioid,30,15.0,40.0,2024-05-19
MBR-BL5PTDN9TA,PRV-52P4GQD2DS,PRV-NNZAMXRZ52,opioid,7,90.0,40.0,2024-04-16
MBR-NHZFV5F7YB,PRV-DVP5UVKXMG,PRV-E2KQR2ZK3Q,statin,30,90.0,40.0,2024-08-11
MBR-4VB4MXWWPN,PRV-DVP5UVKXMG,PRV-Z84M5CG5BX,opioid,30,90.0,40.0,2024-04-15
MBR-FV7G6UXLBA,PRV-EWJD2QDPA6,PRV-P8SZX5BYHL,opioid,30,90.0,40.0,2024-02-24
MBR-8QYV5748M9,PRV-CYX8UDJJ75,PRV-NNZAMXRZ52,antibiotic,14,60.0,80.0,2024-06-01
MBR-XVAD9JHUZ8,PRV-DVP5UVKXMG,PRV-E2KQR2ZK3Q,antibiotic,14,90.0,80.0,2024-05-20
MBR-8QYV5748M9,PRV-CYX8UDJJ75,PRV-Z84M5CG5BX,opioid,7,90.0,40.0,2024-07-04
MBR-Y6AVHN8W6G,PRV-DVP5UVKXMG,PRV-E2KQR2ZK3Q,antibiotic,14,90.0,40.0,2024-02-10
MBR-69CJDM2UQG,PRV-CYX8UDJJ75,PRV-Z84M5CG5BX,insulin,14,90.0,20.0,2024-03-04
MBR-6KDHMRRDDG,PRV-HC5CWNTSHD,PRV-Z84M5CG5BX,insulin,14,15.0,20.0,2024-06-04
MBR-26AVMXYZBB,PRV-DVP5UVKXMG,PRV-E2KQR2ZK3Q,opioid,30,60.0,20.0,2024-07-05
MBR-8QYV5748M9,PRV-HC5CWNTSHD,PRV-P8SZX5BYHL,antibiotic,7,15.0,20.0,2024-01-02
MBR-EWCZ7ZJ4K2,PRV-CYX8UDJJ75,PRV-F2HS2XPZAV,insulin,7,15.0,20.0,2024-05-06
MBR-5C38HCEB3B,PRV-52P4GQD2DS,PRV-E2KQR2ZK3Q,opioid,7,60.0,80.0,2024-03-17
MBR-Y6AVHN8W6G,PRV-52P4GQD2DS,PRV-Z84M5CG5BX,statin,7,60.0,80.0,2024-05-05
MBR-6RGUUNWJV3,PRV-CYX8UDJJ75,PRV-F2HS2XPZAV,statin,30,15.0,80.0,2024-04-04
MBR-3ULHAGK6SG,PRV-CYX8UDJJ75,PRV-F2HS2XPZAV,opioid,30,15.0,20.0,2024-05-17
MBR-4VB4MXWWPN,PRV-52P4GQD2DS,PRV-P8SZX5BYHL,statin,14,60.0,40.0,2024-01-13
MBR-JZTGZW6TE6,PRV-EWJD2QDPA6,PRV-F2HS2XPZAV,opioid,7,90.0,20.0,2024-04-23
MBR-SMLQ7MHU28,PRV-CYX8UDJJ75,PRV-P8SZX5BYHL,antibiotic,30,15.0,80.0,2024-05-19
MBR-UTSSCND564,PRV-DVP5UVKXMG,PRV-F2HS2XPZAV,insulin,30,15.0,0.0,2024-02-26
MBR-J39SZ2P3P6,PRV-52P4GQD2DS,PRV-NNZAMXRZ52,opioid,30,60.0,0.0,2024-08-09
MBR-FR9SUZRQYE,PRV-EWJD2QDPA6,PRV-Z84M5CG5BX,statin,30,30.0,80.0,2024-07-05
MBR-DEXWGDJEY6,PRV-52P4GQD2DS,PRV-Z84M5CG5BX,insulin,30,60.0,0.0,2024-08-17
MBR-SYWRT9N83F,PRV-DVP5UVKXMG,PRV-P8SZX5BYHL,statin,30,60.0,0.0,2024-06-21
MBR-DPYG8XMK2N,PRV-EWJD2QDPA6,PRV-Z84M5CG5BX,opioid,7,90.0,0.0,2024-02-18
MBR-GQPNSUNUD8,PRV-DVP5UVKXMG,PRV-P8SZX5BYHL,statin,14,15.0,40.0,2024-07-28
MBR-DJLLB54X78,PRV-HC5CWNTSHD,PRV-NNZAMXRZ52,opioid,7,90.0,40.0,2024-05-13
MBR-J39SZ2P3P6,PRV-HC5CWNTSHD,PRV-F2HS2XPZAV,opioid,30,60.0,40.0,2024-08-20
MBR-XVAD9JHUZ8,PRV-HC5CWNTSHD,PRV-Z84M5CG5BX,statin,7,90.0,40.0,2024-07-01
MBR-W33FF9PGW5,PRV-DVP5UVKXMG,PRV-F2HS2XPZAV,antibiotic,30,15.0,40.0,2024-02-21
MBR-EL4SD7SMBU,PRV-EWJD2QDPA6,PRV-P8SZX5BYHL,insulin,30,15.0,20.0,2024-02-09
MBR-S483KN937H,PRV-CYX8UDJJ75,PRV-Z84M5CG5BX,insulin,7,60.0,0.0,2024-04-25
MBR-5C38HCEB3B,PRV-HC5CWNTSHD,PRV-E2KQR2ZK3Q,insulin,7,90.0,80.0,2024-05-31
MBR-LUWMQY57KY,PRV-CYX8UDJJ75,PRV-P8SZX5BYHL,insulin,14,90.0,40.0,2024-07-03
MBR-9PQ5QXMXV9,PRV-EWJD2QDPA6,PRV-F2HS2XPZAV,insulin,14,30.0,40.0,2024-02-04
MBR-U8Q725GQ72,PRV-CYX8UDJJ75,PRV-F2HS2XPZAV,insulin,14,15.0,80.0,2024-02-11
MBR-SMLQ7MHU28,PRV-52P4GQD2DS,PRV-P8SZX5BYHL,statin,30,90.0,0.0,2024-08-16
MBR-NDAL8TYHG6,PRV-CYX8UDJJ75,PRV-Z84M5CG5BX,antibiotic,7,15.0,0.0,2024-07-12
MBR-U8Q725GQ72,PRV-CYX8UDJJ75,PRV-Z84M5CG5BX,statin,30,30.0,40.0,2024-03-13
MBR-NHZFV5F7YB,PRV-HC5CWNTSHD,PRV-Z84M5CG5BX,antibiotic,30,15.0,0.0,2024-02-21
MBR-6RGUUNWJV3,PRV-DVP5UVKXMG,PRV-F2HS2XPZAV,insulin,14,90.0,80.0,2024-03-15
MBR-P78M8HDWEL,PRV-52P4GQD2DS,PRV-P8SZX5BYHL,statin,14,30.0,20.0,2024-03-25
MBR-FZQYV4SKXX,PRV-52P4GQD2DS,PRV-Z84M5CG5BX,insulin,30,60.0,40.0,2024-01-08
MBR-NP25PG6T7N,PRV-DVP5UVKXMG,PRV-P8SZX5BYHL,antibiotic,30,60.0,20.0,2024-07-02
MBR-279EELY74M,PRV-52P4GQD2DS,PRV-P8SZX5BYHL,statin,30,60.0,80.0,2024-02-02
MBR-QBR4HDNJC7,PRV-CYX8UDJJ75,PRV-E2KQR2ZK3Q,statin,30,90.0,0.0,2024-05-10
MBR-ARSHMU22CN,PRV-52P4GQD2DS,PRV-F2HS2XPZAV,statin,30,30.0,20.0,2024-06-13
MBR-KH7EQQUK24,PRV-52P4GQD2DS,PRV-P8SZX5BYHL,insulin,30,90.0,40.0,2024-01-30
MBR-SYWRT9N83F,PRV-EWJD2QDPA6,PRV-Z84M5CG5BX,antibiotic,7,90.0,0.0,2024-06-10
MBR-KXFLG7CTRT,PRV-EWJD2QDPA6,PRV-NNZAMXRZ52,antibiotic,14,60.0,20.0,2024-08-16
MBR-NDAL8TYHG6,PRV-HC5CWNTSHD,PRV-E2KQR2ZK3Q,insulin,7,30.0,40.0,2024-03-14
MBR-H5PBWV7T3H,PRV-EWJD2QDPA6,PRV-F2HS2XPZAV,opioid,7,15.0,40.0,2024-07-17
MBR-63JAR5TFRQ,PRV-EWJD2QDPA6,PRV-E2KQR2ZK3Q,insulin,14,30.0,20.0,2024-06-29
MBR-U8Q725GQ72,PRV-52P4GQD2DS,PRV-NNZAMXRZ52,antibiotic,7,30.0,20.0,2024-06-17
MBR-5C38HCEB3B,PRV-EWJD2QDPA6,PRV-Z84M5CG5BX,insulin,7,60.0,0.0,2024-05-10
MBR-Y46Z4D77Y3,PRV-HC5CWNTSHD,PRV-F2HS2XPZAV,statin,7,15.0,20.0,2024-01-20
MBR-FV7G6UXLBA,PRV-CYX8UDJJ75,PRV-E2KQR2ZK3Q,statin,7,15.0,40.0,2024-04-17
MBR-UCEQYHF3V4,PRV-EWJD2QDPA6,PRV-E2KQR2ZK3Q,statin,30,15.0,80.0,2024-03-20
MBR-TJZA2TZN6S,PRV-HC5CWNTSHD,PRV-E2KQR2ZK3Q,insulin,14,60.0,0.0,2024-01-29
MBR-EKUMPKKR4M,PRV-EWJD2QDPA6,PRV-P8SZX5BYHL,insulin,14,60.0,80.0,2024-06-08
MBR-9VKQVB9R83,PRV-CYX8UDJJ75,PRV-NNZAMXRZ52,statin,7,60.0,80.0,2024-02-16
MBR-79KLVNZGFB,PRV-EWJD2QDPA6,PRV-Z84M5CG5BX,antibiotic,30,15.0,80.0,2024-05-26
MBR-V2LNSJANZJ,PRV-CYX8UDJJ75,PRV-P8SZX5BYHL,opioid,7,90.0,80.0,2024-07-05
MBR-6RGUUNWJV3,PRV-EWJD2QDPA6,PRV-F2HS2XPZAV,insulin,30,60.0,0.0,2024-05-15
MBR-VK3KCQ836K,PRV-CYX8UDJJ75,PRV-Z84M5CG5BX,antibiotic,14,15.0,0.0,2024-04-14
MBR-VK3KCQ836K,PRV-EWJD2QDPA6,PRV-NNZAMXRZ52,statin,30,90.0,80.0,2024-03-13
MBR-4MXTKGTLSY,PRV-EWJD2QDPA6,PRV-Z84M5CG5BX,insulin,7,60.0,40.0,2024-02-20
MBR-26AVMXYZBB,PRV-EWJD2QDPA6,PRV-NNZAMXRZ52,opioid,14,30.0,20.0,2024-01-29
MBR-4C2VNKWGF5,PRV-HC5CWNTSHD,PRV-NNZAMXRZ52,antibiotic,7,90.0,80.0,2024-01-31
MBR-ARSHMU22CN,PRV-EWJD2QDPA6,PRV-NNZAMXRZ52,antibiotic,30,30.0,0.0,2024-06-03
MBR-GQPNSUNUD8,PRV-CYX8UDJJ75,PRV-P8SZX5BYHL,antibiotic,30,15.0,80.0,2024-07-30
MBR-BJJYH8G9UH,PRV-CYX8UDJJ75,PRV-Z84M5CG5BX,statin,7,90.0,40.0,2024-04-17
MBR-E5G8EVQHMP,PRV-EWJD2QDPA6,PRV-P8SZX5BYHL,opioid,30,15.0,20.0,2024-05-03
MBR-KURT4X2XJU,PRV-52P4GQD2DS,PRV-F2HS2XPZAV,statin,30,15.0,20.0,2024-01-24
MBR-S7Z8C8UNTB,PRV-52P4GQD2DS,PRV-NNZAMXRZ52,antibiotic,7,30.0,80.0,2024-03-20
MBR-Y6AVHN8W6G,PRV-52P4GQD2DS,PRV-NNZAMXRZ52,insulin,14,90.0,0.0,2024-03-07
MBR-Q9XVDUN4EG,PRV-DVP5UVKXMG,PRV-Z84M5CG5BX,antibiotic,7,60.0,80.0,2024-01-26
MBR-HX94GZSQRT,PRV-EWJD2QDPA6,PRV-Z84M5CG5BX,antibiotic,30,30.0,0.0,2024-06-04
MBR-59N7KMSMAY,PRV-HC5CWNTSHD,PRV-NNZAMXRZ52,insulin,14,90.0,0.0,2024-01-11
MBR-4PAPY9GKRR,PRV-DVP5UVKXMG,PRV-NNZAMXRZ52,antibiotic,14,60.0,0.0,2024-01-17
MBR-ZQX5ZKU3UK,PRV-DVP5UVKXMG,PRV-Z84M5CG5BX,insulin,7,15.0,0.0,2024-02-15
MBR-LSWYAWLX8N,PRV-EWJD2QDPA6,PRV-NNZAMXRZ52,insulin,7,60.0,40.0,2024-04-08
MBR-UTSSCND564,PRV-HC5CWNTSHD,PRV-NNZAMXRZ52,antibiotic,30,60.0,20.0,2024-05-04
MBR-9VKQVB9R83,PRV-HC5CWNTSHD,PRV-F2HS2XPZAV,insulin,7,90.0,0.0,2024-02-23
MBR-7XEPY4R5EL,PRV-CYX8UDJJ75,PRV-F2HS2XPZAV,insulin,7,15.0,0.0,2024-07-19
MBR-LSWYAWLX8N,PRV-CYX8UDJJ75,PRV-Z84M5CG5BX,opioid,7,90.0,80.0,2024-07-25
MBR-LYUPA4MC8N,PRV-CYX8UDJJ75,PRV-E2KQR2ZK3Q,statin,7,15.0,80.0,2024-06-12
MBR-KQZHQZB89K,PRV-DVP5UVKXMG,PRV-Z84M5CG5BX,antibiotic,7,90.0,80.0,2024-04-12
MBR-U8Q725GQ72,PRV-EWJD2QDPA6,PRV-F2HS2XPZAV,antibiotic,30,30.0,0.0,2024-05-09
MBR-23FN74V9L5,PRV-EWJD2QDPA6,PRV-Z84M5CG5BX,statin,14,15.0,80.0,2024-03-09
MBR-VK3KCQ836K,PRV-52P4GQD2DS,PRV-NNZAMXRZ52,statin,30,30.0,20.0,2024-01-08
MBR-QBR4HDNJC7,PRV-DVP5UVKXMG,PRV-NNZAMXRZ52,insulin,30,60.0,80.0,2024-03-18
MBR-KQZHQZB89K,PRV-CYX8UDJJ75,PRV-E2KQR2ZK3Q,opioid,7,90.0,0.0,2024-03-24
MBR-V9VF74MPX3,PRV-52P4GQD2DS,PRV-E2KQR2ZK3Q,statin,7,60.0,0.0,2024-02-03
MBR-4LB87BN7MV,PRV-DVP5UVKXMG,PRV-P8SZX5BYHL,statin,30,15.0,20.0,2024-01-07
MBR-JXM5V2U2EH,PRV-DVP5UVKXMG,PRV-E2KQR2ZK3Q,antibiotic,14,30.0,0.0,2024-03-04
MBR-4LB87BN7MV,PRV-HC5CWNTSHD,PRV-NNZAMXRZ52,insulin,7,15.0,0.0,2024-02-25
MBR-P78M8HDWEL,PRV-HC5CWNTSHD,PRV-NNZAMXRZ52,opioid,30,15.0,20.0,2024-05-01
MBR-EL4SD7SMBU,PRV-DVP5UVKXMG,PRV-P8SZX5BYHL,opioid,30,90.0,0.0,2024-06-05
MBR-EL4SD7SMBU,PRV-HC5CWNTSHD,PRV-Z84M5CG5BX,insulin,7,90.0,20.0,2024-06-16
MBR-Y4DRB8SKCE,PRV-CYX8UDJJ75,PRV-F2HS2XPZAV,insulin,7,15.0,0.0,2024-05-06
MBR-SYWRT9N83F,PRV-52P4GQD2DS,PRV-F2HS2XPZAV,statin,14,15.0,40.0,2024-07-24
MBR-FZQYV4SKXX,PRV-DVP5UVKXMG,PRV-NNZAMXRZ52,opioid,14,15.0,20.0,2024-05-20
MBR-EL4SD7SMBU,PRV-CYX8UDJJ75,PRV-F2HS2XPZAV,antibiotic,14,30.0,20.0,2024-08-22
MBR-Y6AVHN8W6G,PRV-EWJD2QDPA6,PRV-E2KQR2ZK3Q,opioid,14,90.0,20.0,2024-01-09
MBR-ETZVH7W6AB,PRV-HC5CWNTSHD,PRV-F2HS2XPZAV,insulin,7,60.0,0.0,2024-08-19
MBR-YQDXZC2T45,PRV-HC5CWNTSHD,PRV-NNZAMXRZ52,antibiotic,30,60.0,20.0,2024-02-03
MBR-8MK5KHJNCW,PRV-DVP5UVKXMG,PRV-P8SZX5BYHL,opioid,7,15.0,0.0,2024-04-17
MBR-XMN8XNZMG2,PRV-EWJD2QDPA6,PRV-Z84M5CG5BX,antibiotic,7,15.0,40.0,2024-08-18
MBR-TJZA2TZN6S,PRV-DVP5UVKXMG,PRV-P8SZX5BYHL,opioid,7,30.0,40.0,2024-04-18
MBR-L3J58QSDDG,PRV-52P4GQD2DS,PRV-NNZAMXRZ52,opioid,30,90.0,40.0,2024-01-25
MBR-4EXUHMWNNJ,PRV-CYX8UDJJ75,PRV-F2HS2XPZAV,opioid,7,30.0,40.0,2024-04-04
MBR-LSWYAWLX8N,PRV-HC5CWNTSHD,PRV-Z84M5CG5BX,antibiotic,14,15.0,40.0,2024-02-01
MBR-V9VF74MPX3,PRV-HC5CWNTSHD,PRV-P8SZX5BYHL,statin,30,90.0,80.0,2024-02-22
MBR-J39SZ2P3P6,PRV-DVP5UVKXMG,PRV-E2KQR2ZK3Q,statin,14,30.0,0.0,2024-06-22
MBR-EKUMPKKR4M,PRV-EWJD2QDPA6,PRV-F2HS2XPZAV,opioid,7,90.0,20.0,2024-05-02
MBR-KXFLG7CTRT,PRV-52P4GQD2DS,PRV-Z84M5CG5BX,antibiotic,30,30.0,80.0,2024-02-06
MBR-Y6AVHN8W6G,PRV-CYX8UDJJ75,PRV-Z84M5CG5BX,statin,30,90.0,0.0,2024-07-25
MBR-ECH5HLTRCG,PRV-HC5CWNTSHD,PRV-NNZAMXRZ52,statin,14,90.0,0.0,2024-08-09
MBR-Q9XVDUN4EG,PRV-EWJD2QDPA6,PRV-Z84M5CG5BX,insulin,30,30.0,0.0,2024-06-23
MBR-NHZFV5F7YB,PRV-EWJD2QDPA6,PRV-E2KQR2ZK3Q,insulin,14,30.0,40.0,2024-06-15
MBR-4KTNS62BW2,PRV-EWJD2QDPA6,PRV-Z84M5CG5BX,insulin,14,90.0,20.0,2024-04-14
MBR-DJLLB54X78,PRV-DVP5UVKXMG,PRV-E2KQR2ZK3Q,statin,7,60.0,0.0,2024-01-27
MBR-EKUMPKKR4M,PRV-DVP5UVKXMG,PRV-E2KQR2ZK3Q,antibiotic,30,15.0,0.0,2024-02-03
MBR-DEXWGDJEY6,PRV-HC5CWNTSHD,PRV-Z84M5CG5BX,antibiotic,30,90.0,40.0,2024-07-28
MBR-LKW3FJD9YF,PRV-DVP5UVKXMG,PRV-F2HS2XPZAV,antibiotic,30,90.0,0.0,2024-07-20
MBR-EWCZ7ZJ4K2,PRV-52P4GQD2DS,PRV-E2KQR2ZK3Q,insulin,7,15.0,80.0,2024-02-01
MBR-V2LNSJANZJ,PRV-EWJD2QDPA6,PRV-Z84M5CG5BX,statin,7,30.0,0.0,2024-08-16
MBR-XPGBTT2ECZ,PRV-HC5CWNTSHD,PRV-NNZAMXRZ52,statin,14,90.0,20.0,2024-07-14
MBR-QN2SK6VX4D,PRV-52P4GQD2DS,PRV-E2KQR2ZK3Q,antibiotic,7,30.0,0.0,2024-05-02
MBR-3ULHAGK6SG,PRV-HC5CWNTSHD,PRV-F2HS2XPZAV,statin,7,60.0,80.0,2024-01-05
MBR-B8UH9BQB22,PRV-EWJD2QDPA6,PRV-P8SZX5BYHL,opioid,7,60.0,40.0,2024-03-30
MBR-3ULHAGK6SG,PRV-52P4GQD2DS,PRV-Z84M5CG5BX,antibiotic,7,15.0,0.0,2024-03-24
MBR-ZQX5ZKU3UK,PRV-EWJD2QDPA6,PRV-Z84M5CG5BX,antibiotic,7,90.0,40.0,2024-08-17
MBR-59N7KMSMAY,PRV-52P4GQD2DS,PRV-F2HS2XPZAV,statin,14,30.0,80.0,2024-07-14
MBR-BUL4LEDKWE,PRV-DVP5UVKXMG,PRV-F2HS2XPZAV,insulin,7,60.0,80.0,2024-04-27
MBR-LSWYAWLX8N,PRV-CYX8UDJJ75,PRV-NNZAMXRZ52,statin,14,30.0,40.0,2024-07-22
MBR-XPGBTT2ECZ,PRV-52P4GQD2DS,PRV-F2HS2XPZAV,antibiotic,7,90.0,80.0,2024-08-07
MBR-PETFJK9QT7,PRV-CYX8UDJJ75,PRV-Z84M5CG5BX,antibiotic,30,15.0,20.0,2024-03-26
MBR-63JAR5TFRQ,PRV-CYX8UDJJ75,PRV-E2KQR2ZK3Q,statin,7,60.0,80.0,2024-01-03
MBR-85TW3PXGVH,PRV-CYX8UDJJ75,PRV-E2KQR2ZK3Q,opioid,7,90.0,20.0,2024-02-20
MBR-S7Z8C8UNTB,PRV-EWJD2QDPA6,PRV-E2KQR2ZK3Q,antibiotic,14,60.0,80.0,2024-06-17
MBR-V9VF74MPX3,PRV-CYX8UDJJ75,PRV-P8SZX5BYHL,opioid,30,15.0,0.0,2024-04-22
MBR-23FN74V9L5,PRV-EWJD2QDPA6,PRV-Z84M5CG5BX,insulin,30,30.0,0.0,2024-03-10
MBR-UQYW382EA8,PRV-52P4GQD2DS,PRV-NNZAMXRZ52,antibiotic,14,90.0,20.0,2024-03-03
MBR-LKW3FJD9YF,PRV-EWJD2QDPA6,PRV-F2HS2XPZAV,antibiotic,7,30.0,80.0,2024-08-27
MBR-FYPQ73DHJX,PRV-CYX8UDJJ75,PRV-F2HS2XPZAV,opioid,30,60.0,80.0,2024-06-20
MBR-VK3KCQ836K,PRV-HC5CWNTSHD,PRV-Z84M5CG5BX,statin,7,60.0,0.0,2024-07-10
MBR-KSC4HVJFFY,PRV-EWJD2QDPA6,PRV-P8SZX5BYHL,antibiotic,30,30.0,40.0,2024-03-08
MBR-FV7G6UXLBA,PRV-52P4GQD2DS,PRV-NNZAMXRZ52,opioid,30,90.0,80.0,2024-06-05
MBR-6SBLF43NN5,PRV-DVP5UVKXMG,PRV-P8SZX5BYHL,statin,7,60.0,0.0,2024-05-25
MBR-79KLVNZGFB,PRV-EWJD2QDPA6,PRV-Z84M5CG5BX,insulin,7,60.0,0.0,2024-03-28
MBR-ARSHMU22CN,PRV-52P4GQD2DS,PRV-P8SZX5BYHL,insulin,14,60.0,20.0,2024-08-15
MBR-3DKU3QY3W4,PRV-EWJD2QDPA6,PRV-F2HS2XPZAV,opioid,30,30.0,40.0,2024-05-10
MBR-Y46Z4D77Y3,PRV-EWJD2QDPA6,PRV-NNZAMXRZ52,antibiotic,7,30.0,40.0,2024-05-01
MBR-FYPQ73DHJX,PRV-CYX8UDJJ75,PRV-Z84M5CG5BX,opioid,7,60.0,0.0,2024-01-15
MBR-7FN4J7TSLE,PRV-DVP5UVKXMG,PRV-F2HS2XPZAV,insulin,7,30.0,80.0,2024-03-14
MBR-LSWYAWLX8N,PRV-52P4GQD2DS,PRV-E2KQR2ZK3Q,insulin,7,60.0,80.0,2024-08-07
MBR-BZNAEFCCUH,PRV-DVP5UVKXMG,PRV-F2HS2XPZAV,opioid,7,90.0,40.0,2024-07-15
MBR-NP25PG6T7N,PRV-DVP5UVKXMG,PRV-NNZAMXRZ52,antibiotic,7,90.0,80.0,2024-08-12
MBR-JJNSJXSGYB,PRV-CYX8UDJJ75,PRV-Z84M5CG5BX,opioid,7,15.0,20.0,2024-02-26
MBR-YYH7PZ5M5C,PRV-EWJD2QDPA6,PRV-P8SZX5BYHL,opioid,30,15.0,80.0,2024-06-26
MBR-FV7G6UXLBA,PRV-CYX8UDJJ75,PRV-E2KQR2ZK3Q,insulin,30,30.0,80.0,2024-06-03
MBR-ARSHMU22CN,PRV-52P4GQD2DS,PRV-P8SZX5BYHL,insulin,30,60.0,80.0,2024-03-15
MBR-2NR27KXVV3,PRV-HC5CWNTSHD,PRV-E2KQR2ZK3Q,opioid,14,60.0,40.0,2024-01-17
MBR-QBR4HDNJC7,PRV-52P4GQD2DS,PRV-E2KQR2ZK3Q,opioid,7,60.0,20.0,2024-03-31
MBR-KXFLG7CTRT,PRV-EWJD2QDPA6,PRV-NNZAMXRZ52,antibiotic,30,90.0,20.0,2024-04-08
MBR-B9S4DFFU5V,PRV-CYX8UDJJ75,PRV-Z84M5CG5BX,statin,30,30.0,80.0,2024-05-07
MBR-69CJDM2UQG,PRV-CYX8UDJJ75,PRV-P8SZX5BYHL,opioid,7,30.0,20.0,2024-07-04
MBR-ANBZTECZG4,PRV-52P4GQD2DS,PRV-F2HS2XPZAV,antibiotic,7,15.0,20.0,2024-03-07
MBR-H5PBWV7T3H,PRV-CYX8UDJJ75,PRV-F2HS2XPZAV,opioid,7,60.0,40.0,2024-01-13
MBR-S483KN937H,PRV-HC5CWNTSHD,PRV-F2HS2XPZAV,insulin,7,60.0,40.0,2024-01-16
MBR-GQPNSUNUD8,PRV-HC5CWNTSHD,PRV-F2HS2XPZAV,statin,30,90.0,20.0,2024-07-30
MBR-85TW3PXGVH,PRV-EWJD2QDPA6,PRV-P8SZX5BYHL,statin,14,15.0,80.0,2024-01-27
MBR-J39SZ2P3P6,PRV-52P4GQD2DS,PRV-F2HS2XPZAV,insulin,7,60.0,20.0,2024-01-01
MBR-HX94GZSQRT,PRV-EWJD2QDPA6,PRV-NNZAMXRZ52,opioid,30,30.0,80.0,2024-04-08
MBR-LSWYAWLX8N,PRV-CYX8UDJJ75,PRV-Z84M5CG5BX,statin,30,30.0,40.0,2024-05-13
MBR-DPYG8XMK2N,PRV-52P4GQD2DS,PRV-NNZAMXRZ52,insulin,14,90.0,20.0,2024-05-04
MBR-QN2SK6VX4D,PRV-HC5CWNTSHD,PRV-E2KQR2ZK3Q,antibiotic,7,30.0,20.0,2024-04-20
MBR-FYPQ73DHJX,PRV-HC5CWNTSHD,PRV-NNZAMXRZ52,antibiotic,7,30.0,40.0,2024-03-06
MBR-5Y93Z8WGHW,PRV-52P4GQD2DS,PRV-P8SZX5BYHL,opioid,30,90.0,140.0,2024-03-11
MBR-5Y93Z8WGHW,PRV-HC5CWNTSHD,PRV-NNZAMXRZ52,opioid,30,90.0,140.0,2024-03-23
MBR-5Y93Z8WGHW,PRV-CYX8UDJJ75,PRV-Z84M5CG5BX,opioid,30,90.0,140.0,2024-04-04
MBR-5Y93Z8WGHW,PRV-DVP5UVKXMG,PRV-E2KQR2ZK3Q,opioid,30,90.0,140.0,2024-04-16
MBR-5Y93Z8WGHW,PRV-EWJD2QDPA6,PRV-F2HS2XPZAV,opioid,30,90.0,140.0,2024-04-28
